"original_path","target_path","reason","size","mtime"
"E:\DONT TOUCH\10M-2025-Testing\examples\未分篇\review\第0篇-第10章-10.3节","E:\DONT TOUCH\10M-2025-Testing\examples\未分篇\review\第0篇-第10章-10-1.3节","True","36","2025-11-11T18:07:23.7968864+08:00"
"E:\DONT TOUCH\10M-2025-Testing\examples\未分篇\review\第0篇-第10章-10.4节","E:\DONT TOUCH\10M-2025-Testing\examples\未分篇\review\第0篇-第10章-10-1.4节","True","36","2025-11-11T18:07:23.7979099+08:00"
"E:\DONT TOUCH\10M-2025-Testing\examples\未分篇\review\第0篇-第10章-10.5节","E:\DONT TOUCH\10M-2025-Testing\examples\未分篇\review\第0篇-第10章-10-1.5节","True","36","2025-11-11T18:07:23.7979099+08:00"
"E:\DONT TOUCH\10M-2025-Testing\examples\未分篇\review\第0篇-第10章-10.6节","E:\DONT TOUCH\10M-2025-Testing\examples\未分篇\review\第0篇-第10章-10-1.6节","True","36","2025-11-11T18:07:23.7979099+08:00"
"E:\DONT TOUCH\10M-2025-Testing\examples\未分篇\第0篇-第10章-10.3节","E:\DONT TOUCH\10M-2025-Testing\examples\未分篇\review\第0篇-第10章-10.3节","False","",""
"E:\DONT TOUCH\10M-2025-Testing\examples\未分篇\review\第0篇-第10章-10.3节.py","E:\DONT TOUCH\10M-2025-Testing\examples\未分篇\review\第0篇-第10章-10.3节-1.py","True","65","2025-11-12T13:57:24.6832995+08:00"
"E:\DONT TOUCH\10M-2025-Testing\examples\未分篇\review\第0篇-第10章-10.3节.txt","E:\DONT TOUCH\10M-2025-Testing\examples\未分篇\review\第0篇-第10章-10.3节-1.txt","True","92","2025-11-12T13:57:24.6916265+08:00"
"E:\DONT TOUCH\10M-2025-Testing\examples\未分篇\第0篇-第10章-10.3节.py","E:\DONT TOUCH\10M-2025-Testing\examples\未分篇\review\第0篇-第10章-10.3节.py","False","",""
"E:\DONT TOUCH\10M-2025-Testing\examples\未分篇\第0篇-第10章-10.3节.txt","E:\DONT TOUCH\10M-2025-Testing\examples\未分篇\review\第0篇-第10章-10.3节.txt","False","",""
"E:\DONT TOUCH\10M-2025-Testing\examples\未分篇\第0篇-第10章-10.4节","E:\DONT TOUCH\10M-2025-Testing\examples\未分篇\review\第0篇-第10章-10.4节","False","",""
"E:\DONT TOUCH\10M-2025-Testing\examples\未分篇\review\第0篇-第10章-10.4节.py","E:\DONT TOUCH\10M-2025-Testing\examples\未分篇\review\第0篇-第10章-10.4节-1.py","True","65","2025-11-12T13:57:24.7002920+08:00"
"E:\DONT TOUCH\10M-2025-Testing\examples\未分篇\第0篇-第10章-10.4节.py","E:\DONT TOUCH\10M-2025-Testing\examples\未分篇\review\第0篇-第10章-10.4节.py","False","",""
"E:\DONT TOUCH\10M-2025-Testing\examples\未分篇\第0篇-第10章-10.5节","E:\DONT TOUCH\10M-2025-Testing\examples\未分篇\review\第0篇-第10章-10.5节","False","",""
"E:\DONT TOUCH\10M-2025-Testing\examples\未分篇\review\第0篇-第10章-10.5节.py","E:\DONT TOUCH\10M-2025-Testing\examples\未分篇\review\第0篇-第10章-10.5节-1.py","True","65","2025-11-12T13:57:24.7063015+08:00"
"E:\DONT TOUCH\10M-2025-Testing\examples\未分篇\第0篇-第10章-10.5节.py","E:\DONT TOUCH\10M-2025-Testing\examples\未分篇\review\第0篇-第10章-10.5节.py","False","",""
"E:\DONT TOUCH\10M-2025-Testing\examples\未分篇\第0篇-第10章-10.6节","E:\DONT TOUCH\10M-2025-Testing\examples\未分篇\review\第0篇-第10章-10.6节","False","",""
"E:\DONT TOUCH\10M-2025-Testing\examples\未分篇\review\第0篇-第10章-10.6节.py","E:\DONT TOUCH\10M-2025-Testing\examples\未分篇\review\第0篇-第10章-10.6节-1.py","True","65","2025-11-12T13:57:24.7134757+08:00"
"E:\DONT TOUCH\10M-2025-Testing\examples\未分篇\第0篇-第10章-10.6节.py","E:\DONT TOUCH\10M-2025-Testing\examples\未分篇\review\第0篇-第10章-10.6节.py","False","",""
"E:\DONT TOUCH\10M-2025-Testing\examples\未分篇\review\第0篇-第11章-11.1.3节","E:\DONT TOUCH\10M-2025-Testing\examples\未分篇\review\第0篇-第11章-11.1-1.3节","True","36","2025-11-11T18:07:23.7989156+08:00"
"E:\DONT TOUCH\10M-2025-Testing\examples\未分篇\review\第0篇-第11章-11.1.4节","E:\DONT TOUCH\10M-2025-Testing\examples\未分篇\review\第0篇-第11章-11.1-1.4节","True","36","2025-11-04T09:14:38.5498751+08:00"
"E:\DONT TOUCH\10M-2025-Testing\examples\未分篇\第0篇-第11章-11.1.3节","E:\DONT TOUCH\10M-2025-Testing\examples\未分篇\review\第0篇-第11章-11.1.3节","False","",""
"E:\DONT TOUCH\10M-2025-Testing\examples\未分篇\review\第0篇-第11章-11.1.3节.txt","E:\DONT TOUCH\10M-2025-Testing\examples\未分篇\review\第0篇-第11章-11.1.3节-1.txt","True","92","2025-11-12T13:57:24.7138680+08:00"
"E:\DONT TOUCH\10M-2025-Testing\examples\未分篇\第0篇-第11章-11.1.3节.txt","E:\DONT TOUCH\10M-2025-Testing\examples\未分篇\review\第0篇-第11章-11.1.3节.txt","False","",""
"E:\DONT TOUCH\10M-2025-Testing\examples\未分篇\第0篇-第11章-11.1.4节","E:\DONT TOUCH\10M-2025-Testing\examples\未分篇\review\第0篇-第11章-11.1.4节","False","",""
"E:\DONT TOUCH\10M-2025-Testing\examples\未分篇\review\第0篇-第11章-11.2.2节","E:\DONT TOUCH\10M-2025-Testing\examples\未分篇\review\第0篇-第11章-11.2-1.2节","True","36","2025-11-04T09:14:38.5498751+08:00"
"E:\DONT TOUCH\10M-2025-Testing\examples\未分篇\review\第0篇-第11章-11.2.3节","E:\DONT TOUCH\10M-2025-Testing\examples\未分篇\review\第0篇-第11章-11.2-1.3节","True","36","2025-11-04T09:14:38.5498751+08:00"
"E:\DONT TOUCH\10M-2025-Testing\examples\未分篇\review\第0篇-第11章-11.2.4节","E:\DONT TOUCH\10M-2025-Testing\examples\未分篇\review\第0篇-第11章-11.2-1.4节","True","36","2025-11-11T18:07:23.7989156+08:00"
"E:\DONT TOUCH\10M-2025-Testing\examples\未分篇\review\第0篇-第11章-11.2.5节","E:\DONT TOUCH\10M-2025-Testing\examples\未分篇\review\第0篇-第11章-11.2-1.5节","True","36","2025-11-04T09:14:38.5498751+08:00"
"E:\DONT TOUCH\10M-2025-Testing\examples\未分篇\第0篇-第11章-11.2.2节","E:\DONT TOUCH\10M-2025-Testing\examples\未分篇\review\第0篇-第11章-11.2.2节","False","",""
"E:\DONT TOUCH\10M-2025-Testing\examples\未分篇\review\第0篇-第11章-11.2.2节.txt","E:\DONT TOUCH\10M-2025-Testing\examples\未分篇\review\第0篇-第11章-11.2.2节-1.txt","True","92","2025-11-12T13:57:24.7261247+08:00"
"E:\DONT TOUCH\10M-2025-Testing\examples\未分篇\第0篇-第11章-11.2.2节.txt","E:\DONT TOUCH\10M-2025-Testing\examples\未分篇\review\第0篇-第11章-11.2.2节.txt","False","",""
"E:\DONT TOUCH\10M-2025-Testing\examples\未分篇\第0篇-第11章-11.2.3节","E:\DONT TOUCH\10M-2025-Testing\examples\未分篇\review\第0篇-第11章-11.2.3节","False","",""
"E:\DONT TOUCH\10M-2025-Testing\examples\未分篇\review\第0篇-第11章-11.2.3节.py","E:\DONT TOUCH\10M-2025-Testing\examples\未分篇\review\第0篇-第11章-11.2.3节-1.py","True","96","2025-11-12T13:57:24.7310913+08:00"
"E:\DONT TOUCH\10M-2025-Testing\examples\未分篇\第0篇-第11章-11.2.3节.py","E:\DONT TOUCH\10M-2025-Testing\examples\未分篇\review\第0篇-第11章-11.2.3节.py","False","",""
"E:\DONT TOUCH\10M-2025-Testing\examples\未分篇\第0篇-第11章-11.2.4节","E:\DONT TOUCH\10M-2025-Testing\examples\未分篇\review\第0篇-第11章-11.2.4节","False","",""
"E:\DONT TOUCH\10M-2025-Testing\examples\未分篇\review\第0篇-第11章-11.2.4节.py","E:\DONT TOUCH\10M-2025-Testing\examples\未分篇\review\第0篇-第11章-11.2.4节-1.py","True","96","2025-11-12T13:57:24.7357714+08:00"
"E:\DONT TOUCH\10M-2025-Testing\examples\未分篇\第0篇-第11章-11.2.4节.py","E:\DONT TOUCH\10M-2025-Testing\examples\未分篇\review\第0篇-第11章-11.2.4节.py","False","",""
"E:\DONT TOUCH\10M-2025-Testing\examples\未分篇\第0篇-第11章-11.2.5节","E:\DONT TOUCH\10M-2025-Testing\examples\未分篇\review\第0篇-第11章-11.2.5节","False","",""
"E:\DONT TOUCH\10M-2025-Testing\examples\未分篇\review\第0篇-第11章-11.3.1节","E:\DONT TOUCH\10M-2025-Testing\examples\未分篇\review\第0篇-第11章-11.3-1.1节","True","36","2025-11-04T09:14:38.5498751+08:00"
"E:\DONT TOUCH\10M-2025-Testing\examples\未分篇\review\第0篇-第11章-11.3.2节","E:\DONT TOUCH\10M-2025-Testing\examples\未分篇\review\第0篇-第11章-11.3-1.2节","True","36","2025-11-11T18:07:23.7989156+08:00"
"E:\DONT TOUCH\10M-2025-Testing\examples\未分篇\review\第0篇-第11章-11.3.3节","E:\DONT TOUCH\10M-2025-Testing\examples\未分篇\review\第0篇-第11章-11.3-1.3节","True","36","2025-11-04T09:14:38.5600474+08:00"
"E:\DONT TOUCH\10M-2025-Testing\examples\未分篇\review\第0篇-第11章-11.3.4节","E:\DONT TOUCH\10M-2025-Testing\examples\未分篇\review\第0篇-第11章-11.3-1.4节","True","36","2025-11-04T09:14:38.5609237+08:00"
"E:\DONT TOUCH\10M-2025-Testing\examples\未分篇\review\第0篇-第11章-11.3.5节","E:\DONT TOUCH\10M-2025-Testing\examples\未分篇\review\第0篇-第11章-11.3-1.5节","True","36","2025-11-04T09:14:38.5609237+08:00"
"E:\DONT TOUCH\10M-2025-Testing\examples\未分篇\第0篇-第11章-11.3.1节","E:\DONT TOUCH\10M-2025-Testing\examples\未分篇\review\第0篇-第11章-11.3.1节","False","",""
"E:\DONT TOUCH\10M-2025-Testing\examples\未分篇\review\第0篇-第11章-11.3.1节.py","E:\DONT TOUCH\10M-2025-Testing\examples\未分篇\review\第0篇-第11章-11.3.1节-1.py","True","96","2025-11-12T13:57:24.7459249+08:00"
"E:\DONT TOUCH\10M-2025-Testing\examples\未分篇\第0篇-第11章-11.3.1节.py","E:\DONT TOUCH\10M-2025-Testing\examples\未分篇\review\第0篇-第11章-11.3.1节.py","False","",""
"E:\DONT TOUCH\10M-2025-Testing\examples\未分篇\第0篇-第11章-11.3.2节","E:\DONT TOUCH\10M-2025-Testing\examples\未分篇\review\第0篇-第11章-11.3.2节","False","",""
"E:\DONT TOUCH\10M-2025-Testing\examples\未分篇\review\第0篇-第11章-11.3.2节.py","E:\DONT TOUCH\10M-2025-Testing\examples\未分篇\review\第0篇-第11章-11.3.2节-1.py","True","96","2025-11-12T13:57:24.7474575+08:00"
"E:\DONT TOUCH\10M-2025-Testing\examples\未分篇\第0篇-第11章-11.3.2节.py","E:\DONT TOUCH\10M-2025-Testing\examples\未分篇\review\第0篇-第11章-11.3.2节.py","False","",""
"E:\DONT TOUCH\10M-2025-Testing\examples\未分篇\第0篇-第11章-11.3.3节","E:\DONT TOUCH\10M-2025-Testing\examples\未分篇\review\第0篇-第11章-11.3.3节","False","",""
"E:\DONT TOUCH\10M-2025-Testing\examples\未分篇\review\第0篇-第11章-11.3.3节.py","E:\DONT TOUCH\10M-2025-Testing\examples\未分篇\review\第0篇-第11章-11.3.3节-1.py","True","96","2025-11-12T13:57:24.7579583+08:00"
"E:\DONT TOUCH\10M-2025-Testing\examples\未分篇\第0篇-第11章-11.3.3节.py","E:\DONT TOUCH\10M-2025-Testing\examples\未分篇\review\第0篇-第11章-11.3.3节.py","False","",""
"E:\DONT TOUCH\10M-2025-Testing\examples\未分篇\第0篇-第11章-11.3.4节","E:\DONT TOUCH\10M-2025-Testing\examples\未分篇\review\第0篇-第11章-11.3.4节","False","",""
"E:\DONT TOUCH\10M-2025-Testing\examples\未分篇\review\第0篇-第11章-11.3.4节.py","E:\DONT TOUCH\10M-2025-Testing\examples\未分篇\review\第0篇-第11章-11.3.4节-1.py","True","96","2025-11-12T13:57:24.7582914+08:00"
"E:\DONT TOUCH\10M-2025-Testing\examples\未分篇\第0篇-第11章-11.3.4节.py","E:\DONT TOUCH\10M-2025-Testing\examples\未分篇\review\第0篇-第11章-11.3.4节.py","False","",""
"E:\DONT TOUCH\10M-2025-Testing\examples\未分篇\第0篇-第11章-11.3.5节","E:\DONT TOUCH\10M-2025-Testing\examples\未分篇\review\第0篇-第11章-11.3.5节","False","",""
"E:\DONT TOUCH\10M-2025-Testing\examples\未分篇\review\第0篇-第11章-11.3.5节.groovy","E:\DONT TOUCH\10M-2025-Testing\examples\未分篇\review\第0篇-第11章-11.3.5节-1.groovy","True","64","2025-11-11T08:55:04.8978136+08:00"
"E:\DONT TOUCH\10M-2025-Testing\examples\未分篇\第0篇-第11章-11.3.5节.groovy","E:\DONT TOUCH\10M-2025-Testing\examples\未分篇\review\第0篇-第11章-11.3.5节.groovy","False","",""
"E:\DONT TOUCH\10M-2025-Testing\examples\未分篇\review\第0篇-第11章-11.4.3节","E:\DONT TOUCH\10M-2025-Testing\examples\未分篇\review\第0篇-第11章-11.4-1.3节","True","36","2025-11-04T09:14:38.5609237+08:00"
"E:\DONT TOUCH\10M-2025-Testing\examples\未分篇\review\第0篇-第11章-11.4.4节","E:\DONT TOUCH\10M-2025-Testing\examples\未分篇\review\第0篇-第11章-11.4-1.4节","True","36","2025-11-11T18:07:23.7989156+08:00"
"E:\DONT TOUCH\10M-2025-Testing\examples\未分篇\review\第0篇-第11章-11.4.5节","E:\DONT TOUCH\10M-2025-Testing\examples\未分篇\review\第0篇-第11章-11.4-1.5节","True","36","2025-11-04T09:14:38.5609237+08:00"
"E:\DONT TOUCH\10M-2025-Testing\examples\未分篇\第0篇-第11章-11.4.3节","E:\DONT TOUCH\10M-2025-Testing\examples\未分篇\review\第0篇-第11章-11.4.3节","False","",""
"E:\DONT TOUCH\10M-2025-Testing\examples\未分篇\review\第0篇-第11章-11.4.3节.yml","E:\DONT TOUCH\10M-2025-Testing\examples\未分篇\review\第0篇-第11章-11.4.3节-1.yml","True","96","2025-11-12T13:57:24.7701432+08:00"
"E:\DONT TOUCH\10M-2025-Testing\examples\未分篇\第0篇-第11章-11.4.3节.yml","E:\DONT TOUCH\10M-2025-Testing\examples\未分篇\review\第0篇-第11章-11.4.3节.yml","False","",""
"E:\DONT TOUCH\10M-2025-Testing\examples\未分篇\第0篇-第11章-11.4.4节","E:\DONT TOUCH\10M-2025-Testing\examples\未分篇\review\第0篇-第11章-11.4.4节","False","",""
"E:\DONT TOUCH\10M-2025-Testing\examples\未分篇\review\第0篇-第11章-11.4.4节.txt","E:\DONT TOUCH\10M-2025-Testing\examples\未分篇\review\第0篇-第11章-11.4.4节-1.txt","True","92","2025-11-12T13:57:24.7747395+08:00"
"E:\DONT TOUCH\10M-2025-Testing\examples\未分篇\第0篇-第11章-11.4.4节.txt","E:\DONT TOUCH\10M-2025-Testing\examples\未分篇\review\第0篇-第11章-11.4.4节.txt","False","",""
"E:\DONT TOUCH\10M-2025-Testing\examples\未分篇\第0篇-第11章-11.4.5节","E:\DONT TOUCH\10M-2025-Testing\examples\未分篇\review\第0篇-第11章-11.4.5节","False","",""
"E:\DONT TOUCH\10M-2025-Testing\examples\未分篇\review\第0篇-第12章-12.1.1节","E:\DONT TOUCH\10M-2025-Testing\examples\未分篇\review\第0篇-第12章-12.1-1.1节","True","36","2025-11-04T09:14:38.5609237+08:00"
"E:\DONT TOUCH\10M-2025-Testing\examples\未分篇\review\第0篇-第12章-12.1.2节","E:\DONT TOUCH\10M-2025-Testing\examples\未分篇\review\第0篇-第12章-12.1-1.2节","True","36","2025-11-04T09:14:38.5609237+08:00"
"E:\DONT TOUCH\10M-2025-Testing\examples\未分篇\review\第0篇-第12章-12.1.3节","E:\DONT TOUCH\10M-2025-Testing\examples\未分篇\review\第0篇-第12章-12.1-1.3节","True","36","2025-11-04T09:14:38.5609237+08:00"
"E:\DONT TOUCH\10M-2025-Testing\examples\未分篇\第0篇-第12章-12.1.1节","E:\DONT TOUCH\10M-2025-Testing\examples\未分篇\review\第0篇-第12章-12.1.1节","False","",""
"E:\DONT TOUCH\10M-2025-Testing\examples\未分篇\review\第0篇-第12章-12.1.1节.java","E:\DONT TOUCH\10M-2025-Testing\examples\未分篇\review\第0篇-第12章-12.1.1节-1.java","True","67","2025-11-11T08:55:04.8978136+08:00"
"E:\DONT TOUCH\10M-2025-Testing\examples\未分篇\第0篇-第12章-12.1.1节.java","E:\DONT TOUCH\10M-2025-Testing\examples\未分篇\review\第0篇-第12章-12.1.1节.java","False","",""
"E:\DONT TOUCH\10M-2025-Testing\examples\未分篇\第0篇-第12章-12.1.2节","E:\DONT TOUCH\10M-2025-Testing\examples\未分篇\review\第0篇-第12章-12.1.2节","False","",""
"E:\DONT TOUCH\10M-2025-Testing\examples\未分篇\review\第0篇-第12章-12.1.2节.java","E:\DONT TOUCH\10M-2025-Testing\examples\未分篇\review\第0篇-第12章-12.1.2节-1.java","True","67","2025-11-11T08:55:04.8978136+08:00"
"E:\DONT TOUCH\10M-2025-Testing\examples\未分篇\第0篇-第12章-12.1.2节.java","E:\DONT TOUCH\10M-2025-Testing\examples\未分篇\review\第0篇-第12章-12.1.2节.java","False","",""
"E:\DONT TOUCH\10M-2025-Testing\examples\未分篇\第0篇-第12章-12.1.3节","E:\DONT TOUCH\10M-2025-Testing\examples\未分篇\review\第0篇-第12章-12.1.3节","False","",""
"E:\DONT TOUCH\10M-2025-Testing\examples\未分篇\review\第0篇-第12章-12.1.3节.py","E:\DONT TOUCH\10M-2025-Testing\examples\未分篇\review\第0篇-第12章-12.1.3节-1.py","True","96","2025-11-12T13:57:24.7834790+08:00"
"E:\DONT TOUCH\10M-2025-Testing\examples\未分篇\review\第0篇-第12章-12.1.3节.scala","E:\DONT TOUCH\10M-2025-Testing\examples\未分篇\review\第0篇-第12章-12.1.3节-1.scala","True","67","2025-11-11T08:55:04.8978136+08:00"
"E:\DONT TOUCH\10M-2025-Testing\examples\未分篇\第0篇-第12章-12.1.3节.py","E:\DONT TOUCH\10M-2025-Testing\examples\未分篇\review\第0篇-第12章-12.1.3节.py","False","",""
"E:\DONT TOUCH\10M-2025-Testing\examples\未分篇\第0篇-第12章-12.1.3节.scala","E:\DONT TOUCH\10M-2025-Testing\examples\未分篇\review\第0篇-第12章-12.1.3节.scala","False","",""
"E:\DONT TOUCH\10M-2025-Testing\examples\未分篇\review\第0篇-第12章-12.2.1节","E:\DONT TOUCH\10M-2025-Testing\examples\未分篇\review\第0篇-第12章-12.2-1.1节","True","36","2025-11-04T09:14:38.5609237+08:00"
"E:\DONT TOUCH\10M-2025-Testing\examples\未分篇\review\第0篇-第12章-12.2.2节","E:\DONT TOUCH\10M-2025-Testing\examples\未分篇\review\第0篇-第12章-12.2-1.2节","True","36","2025-11-04T09:14:38.5609237+08:00"
"E:\DONT TOUCH\10M-2025-Testing\examples\未分篇\review\第0篇-第12章-12.2.3节","E:\DONT TOUCH\10M-2025-Testing\examples\未分篇\review\第0篇-第12章-12.2-1.3节","True","36","2025-11-04T09:14:38.5609237+08:00"
"E:\DONT TOUCH\10M-2025-Testing\examples\未分篇\第0篇-第12章-12.2.1节","E:\DONT TOUCH\10M-2025-Testing\examples\未分篇\review\第0篇-第12章-12.2.1节","False","",""
"E:\DONT TOUCH\10M-2025-Testing\examples\未分篇\review\第0篇-第12章-12.2.1节.json","E:\DONT TOUCH\10M-2025-Testing\examples\未分篇\review\第0篇-第12章-12.2.1节-1.json","True","26","2025-11-11T08:55:04.8978136+08:00"
"E:\DONT TOUCH\10M-2025-Testing\examples\未分篇\第0篇-第12章-12.2.1节.json","E:\DONT TOUCH\10M-2025-Testing\examples\未分篇\review\第0篇-第12章-12.2.1节.json","False","",""
"E:\DONT TOUCH\10M-2025-Testing\examples\未分篇\第0篇-第12章-12.2.2节","E:\DONT TOUCH\10M-2025-Testing\examples\未分篇\review\第0篇-第12章-12.2.2节","False","",""
"E:\DONT TOUCH\10M-2025-Testing\examples\未分篇\review\第0篇-第12章-12.2.2节.py","E:\DONT TOUCH\10M-2025-Testing\examples\未分篇\review\第0篇-第12章-12.2.2节-1.py","True","96","2025-11-12T13:57:24.7912228+08:00"
"E:\DONT TOUCH\10M-2025-Testing\examples\未分篇\第0篇-第12章-12.2.2节.py","E:\DONT TOUCH\10M-2025-Testing\examples\未分篇\review\第0篇-第12章-12.2.2节.py","False","",""
"E:\DONT TOUCH\10M-2025-Testing\examples\未分篇\第0篇-第12章-12.2.3节","E:\DONT TOUCH\10M-2025-Testing\examples\未分篇\review\第0篇-第12章-12.2.3节","False","",""
"E:\DONT TOUCH\10M-2025-Testing\examples\未分篇\review\第0篇-第12章-12.2.3节.scala","E:\DONT TOUCH\10M-2025-Testing\examples\未分篇\review\第0篇-第12章-12.2.3节-1.scala","True","67","2025-11-11T08:55:04.8978136+08:00"
"E:\DONT TOUCH\10M-2025-Testing\examples\未分篇\第0篇-第12章-12.2.3节.scala","E:\DONT TOUCH\10M-2025-Testing\examples\未分篇\review\第0篇-第12章-12.2.3节.scala","False","",""
"E:\DONT TOUCH\10M-2025-Testing\examples\未分篇\review\第0篇-第12章-12.3.1节","E:\DONT TOUCH\10M-2025-Testing\examples\未分篇\review\第0篇-第12章-12.3-1.1节","True","36","2025-11-11T18:07:23.7989156+08:00"
"E:\DONT TOUCH\10M-2025-Testing\examples\未分篇\review\第0篇-第12章-12.3.2节","E:\DONT TOUCH\10M-2025-Testing\examples\未分篇\review\第0篇-第12章-12.3-1.2节","True","36","2025-11-11T18:07:23.7989156+08:00"
"E:\DONT TOUCH\10M-2025-Testing\examples\未分篇\review\第0篇-第12章-12.3.3节","E:\DONT TOUCH\10M-2025-Testing\examples\未分篇\review\第0篇-第12章-12.3-1.3节","True","36","2025-11-11T18:07:23.7999414+08:00"
"E:\DONT TOUCH\10M-2025-Testing\examples\未分篇\第0篇-第12章-12.3.1节","E:\DONT TOUCH\10M-2025-Testing\examples\未分篇\review\第0篇-第12章-12.3.1节","False","",""
"E:\DONT TOUCH\10M-2025-Testing\examples\未分篇\review\第0篇-第12章-12.3.1节.py","E:\DONT TOUCH\10M-2025-Testing\examples\未分篇\review\第0篇-第12章-12.3.1节-1.py","True","96","2025-11-12T13:57:24.7912228+08:00"
"E:\DONT TOUCH\10M-2025-Testing\examples\未分篇\第0篇-第12章-12.3.1节.py","E:\DONT TOUCH\10M-2025-Testing\examples\未分篇\review\第0篇-第12章-12.3.1节.py","False","",""
"E:\DONT TOUCH\10M-2025-Testing\examples\未分篇\第0篇-第12章-12.3.2节","E:\DONT TOUCH\10M-2025-Testing\examples\未分篇\review\第0篇-第12章-12.3.2节","False","",""
"E:\DONT TOUCH\10M-2025-Testing\examples\未分篇\review\第0篇-第12章-12.3.2节.json","E:\DONT TOUCH\10M-2025-Testing\examples\未分篇\review\第0篇-第12章-12.3.2节-1.json","True","26","2025-11-11T18:07:23.7989156+08:00"
"E:\DONT TOUCH\10M-2025-Testing\examples\未分篇\review\第0篇-第12章-12.3.2节.scala","E:\DONT TOUCH\10M-2025-Testing\examples\未分篇\review\第0篇-第12章-12.3.2节-1.scala","True","67","2025-11-11T18:07:23.7999414+08:00"
"E:\DONT TOUCH\10M-2025-Testing\examples\未分篇\第0篇-第12章-12.3.2节.json","E:\DONT TOUCH\10M-2025-Testing\examples\未分篇\review\第0篇-第12章-12.3.2节.json","False","",""
"E:\DONT TOUCH\10M-2025-Testing\examples\未分篇\第0篇-第12章-12.3.2节.scala","E:\DONT TOUCH\10M-2025-Testing\examples\未分篇\review\第0篇-第12章-12.3.2节.scala","False","",""
"E:\DONT TOUCH\10M-2025-Testing\examples\未分篇\第0篇-第12章-12.3.3节","E:\DONT TOUCH\10M-2025-Testing\examples\未分篇\review\第0篇-第12章-12.3.3节","False","",""
"E:\DONT TOUCH\10M-2025-Testing\examples\未分篇\第0篇-第12章-12.3.3节.scala","E:\DONT TOUCH\10M-2025-Testing\examples\未分篇\review\第0篇-第12章-12.3.3节.scala","False","",""
"E:\DONT TOUCH\10M-2025-Testing\examples\未分篇\review\第0篇-第12章-12.4.1节","E:\DONT TOUCH\10M-2025-Testing\examples\未分篇\review\第0篇-第12章-12.4-1.1节","True","36","2025-11-11T18:07:23.7999414+08:00"
"E:\DONT TOUCH\10M-2025-Testing\examples\未分篇\review\第0篇-第12章-12.4.2节","E:\DONT TOUCH\10M-2025-Testing\examples\未分篇\review\第0篇-第12章-12.4-1.2节","True","36","2025-11-04T09:14:38.5609237+08:00"
"E:\DONT TOUCH\10M-2025-Testing\examples\未分篇\review\第0篇-第12章-12.4.3节","E:\DONT TOUCH\10M-2025-Testing\examples\未分篇\review\第0篇-第12章-12.4-1.3节","True","36","2025-11-04T09:14:38.5609237+08:00"
"E:\DONT TOUCH\10M-2025-Testing\examples\未分篇\第0篇-第12章-12.4.1节","E:\DONT TOUCH\10M-2025-Testing\examples\未分篇\review\第0篇-第12章-12.4.1节","False","",""
"E:\DONT TOUCH\10M-2025-Testing\examples\未分篇\review\第0篇-第12章-12.4.1节.py","E:\DONT TOUCH\10M-2025-Testing\examples\未分篇\review\第0篇-第12章-12.4.1节-1.py","True","96","2025-11-12T13:57:24.8023368+08:00"
"E:\DONT TOUCH\10M-2025-Testing\examples\未分篇\第0篇-第12章-12.4.1节.py","E:\DONT TOUCH\10M-2025-Testing\examples\未分篇\review\第0篇-第12章-12.4.1节.py","False","",""
"E:\DONT TOUCH\10M-2025-Testing\examples\未分篇\第0篇-第12章-12.4.2节","E:\DONT TOUCH\10M-2025-Testing\examples\未分篇\review\第0篇-第12章-12.4.2节","False","",""
"E:\DONT TOUCH\10M-2025-Testing\examples\未分篇\review\第0篇-第12章-12.4.2节.py","E:\DONT TOUCH\10M-2025-Testing\examples\未分篇\review\第0篇-第12章-12.4.2节-1.py","True","96","2025-11-12T13:57:24.8023368+08:00"
"E:\DONT TOUCH\10M-2025-Testing\examples\未分篇\第0篇-第12章-12.4.2节.py","E:\DONT TOUCH\10M-2025-Testing\examples\未分篇\review\第0篇-第12章-12.4.2节.py","False","",""
"E:\DONT TOUCH\10M-2025-Testing\examples\未分篇\第0篇-第12章-12.4.3节","E:\DONT TOUCH\10M-2025-Testing\examples\未分篇\review\第0篇-第12章-12.4.3节","False","",""
"E:\DONT TOUCH\10M-2025-Testing\examples\未分篇\review\第0篇-第12章-12.4.3节.json","E:\DONT TOUCH\10M-2025-Testing\examples\未分篇\review\第0篇-第12章-12.4.3节-1.json","True","26","2025-11-11T08:55:04.8978136+08:00"
"E:\DONT TOUCH\10M-2025-Testing\examples\未分篇\review\第0篇-第12章-12.4.3节.py","E:\DONT TOUCH\10M-2025-Testing\examples\未分篇\review\第0篇-第12章-12.4.3节-1.py","True","96","2025-11-12T13:57:24.8148111+08:00"
"E:\DONT TOUCH\10M-2025-Testing\examples\未分篇\第0篇-第12章-12.4.3节.json","E:\DONT TOUCH\10M-2025-Testing\examples\未分篇\review\第0篇-第12章-12.4.3节.json","False","",""
"E:\DONT TOUCH\10M-2025-Testing\examples\未分篇\第0篇-第12章-12.4.3节.py","E:\DONT TOUCH\10M-2025-Testing\examples\未分篇\review\第0篇-第12章-12.4.3节.py","False","",""
"E:\DONT TOUCH\10M-2025-Testing\examples\未分篇\review\第0篇-第21章-21.3节","E:\DONT TOUCH\10M-2025-Testing\examples\未分篇\review\第0篇-第21章-21-1.3节","True","36","2025-11-04T09:14:38.5609237+08:00"
"E:\DONT TOUCH\10M-2025-Testing\examples\未分篇\review\第0篇-第21章-21.2.4节","E:\DONT TOUCH\10M-2025-Testing\examples\未分篇\review\第0篇-第21章-21.2-1.4节","True","36","2025-11-11T18:07:23.7999414+08:00"
"E:\DONT TOUCH\10M-2025-Testing\examples\未分篇\第0篇-第21章-21.2.4节","E:\DONT TOUCH\10M-2025-Testing\examples\未分篇\review\第0篇-第21章-21.2.4节","False","",""
"E:\DONT TOUCH\10M-2025-Testing\examples\未分篇\review\第0篇-第21章-21.2.4节.txt","E:\DONT TOUCH\10M-2025-Testing\examples\未分篇\review\第0篇-第21章-21.2.4节-1.txt","True","92","2025-11-12T13:57:24.8233767+08:00"
"E:\DONT TOUCH\10M-2025-Testing\examples\未分篇\第0篇-第21章-21.2.4节.txt","E:\DONT TOUCH\10M-2025-Testing\examples\未分篇\review\第0篇-第21章-21.2.4节.txt","False","",""
"E:\DONT TOUCH\10M-2025-Testing\examples\未分篇\第0篇-第21章-21.3节","E:\DONT TOUCH\10M-2025-Testing\examples\未分篇\review\第0篇-第21章-21.3节","False","",""
"E:\DONT TOUCH\10M-2025-Testing\examples\未分篇\review\第0篇-第4章-4.2.1节","E:\DONT TOUCH\10M-2025-Testing\examples\未分篇\review\第0篇-第4章-4.2-1.1节","True","36","2025-11-11T18:07:23.7999414+08:00"
"E:\DONT TOUCH\10M-2025-Testing\examples\未分篇\第0篇-第4章-4.2.1节","E:\DONT TOUCH\10M-2025-Testing\examples\未分篇\review\第0篇-第4章-4.2.1节","False","",""
"E:\DONT TOUCH\10M-2025-Testing\examples\未分篇\review\第0篇-第4章-4.2.1节.sh","E:\DONT TOUCH\10M-2025-Testing\examples\未分篇\review\第0篇-第4章-4.2.1节-1.sh","True","117","2025-11-12T13:57:24.8233767+08:00"
"E:\DONT TOUCH\10M-2025-Testing\examples\未分篇\第0篇-第4章-4.2.1节.sh","E:\DONT TOUCH\10M-2025-Testing\examples\未分篇\review\第0篇-第4章-4.2.1节.sh","False","",""
"E:\DONT TOUCH\10M-2025-Testing\examples\未分篇\review\第0篇-第4章-4.3.3节","E:\DONT TOUCH\10M-2025-Testing\examples\未分篇\review\第0篇-第4章-4.3-1.3节","True","36","2025-11-11T18:07:23.8009340+08:00"
"E:\DONT TOUCH\10M-2025-Testing\examples\未分篇\第0篇-第4章-4.3.3节","E:\DONT TOUCH\10M-2025-Testing\examples\未分篇\review\第0篇-第4章-4.3.3节","False","",""
"E:\DONT TOUCH\10M-2025-Testing\examples\未分篇\第0篇-第4章-4.3.3节.sql","E:\DONT TOUCH\10M-2025-Testing\examples\未分篇\review\第0篇-第4章-4.3.3节.sql","False","",""
"E:\DONT TOUCH\10M-2025-Testing\examples\未分篇\review\第0篇-第4章-4.4.1节","E:\DONT TOUCH\10M-2025-Testing\examples\未分篇\review\第0篇-第4章-4.4-1.1节","True","36","2025-11-11T18:07:23.8009340+08:00"
"E:\DONT TOUCH\10M-2025-Testing\examples\未分篇\第0篇-第4章-4.4.1节","E:\DONT TOUCH\10M-2025-Testing\examples\未分篇\review\第0篇-第4章-4.4.1节","False","",""
"E:\DONT TOUCH\10M-2025-Testing\examples\未分篇\review\第0篇-第4章-4.4.1节.py","E:\DONT TOUCH\10M-2025-Testing\examples\未分篇\review\第0篇-第4章-4.4.1节-1.py","True","96","2025-11-12T13:57:24.8346781+08:00"
"E:\DONT TOUCH\10M-2025-Testing\examples\未分篇\第0篇-第4章-4.4.1节.py","E:\DONT TOUCH\10M-2025-Testing\examples\未分篇\review\第0篇-第4章-4.4.1节.py","False","",""
"E:\DONT TOUCH\10M-2025-Testing\examples\未分篇\review\第0篇-第4章-4.5.4节","E:\DONT TOUCH\10M-2025-Testing\examples\未分篇\review\第0篇-第4章-4.5-1.4节","True","36","2025-11-11T18:07:23.8009340+08:00"
"E:\DONT TOUCH\10M-2025-Testing\examples\未分篇\第0篇-第4章-4.5.2节","E:\DONT TOUCH\10M-2025-Testing\examples\未分篇\review\第0篇-第4章-4.5.2节","False","",""
"E:\DONT TOUCH\10M-2025-Testing\examples\未分篇\review\第0篇-第4章-4.5.2节.py","E:\DONT TOUCH\10M-2025-Testing\examples\未分篇\review\第0篇-第4章-4.5.2节-1.py","True","96","2025-11-12T13:57:24.8346781+08:00"
"E:\DONT TOUCH\10M-2025-Testing\examples\未分篇\第0篇-第4章-4.5.2节.py","E:\DONT TOUCH\10M-2025-Testing\examples\未分篇\review\第0篇-第4章-4.5.2节.py","False","",""
"E:\DONT TOUCH\10M-2025-Testing\examples\未分篇\第0篇-第4章-4.5.4节","E:\DONT TOUCH\10M-2025-Testing\examples\未分篇\review\第0篇-第4章-4.5.4节","False","",""
"E:\DONT TOUCH\10M-2025-Testing\examples\未分篇\review\第0篇-第4章-4.5.4节.py","E:\DONT TOUCH\10M-2025-Testing\examples\未分篇\review\第0篇-第4章-4.5.4节-1.py","True","96","2025-11-12T13:57:24.8457584+08:00"
"E:\DONT TOUCH\10M-2025-Testing\examples\未分篇\第0篇-第4章-4.5.4节.py","E:\DONT TOUCH\10M-2025-Testing\examples\未分篇\review\第0篇-第4章-4.5.4节.py","False","",""
"E:\DONT TOUCH\10M-2025-Testing\examples\未分篇\review\第0篇-第4章-4.6.2节","E:\DONT TOUCH\10M-2025-Testing\examples\未分篇\review\第0篇-第4章-4.6-1.2节","True","36","2025-11-04T09:14:38.5609237+08:00"
"E:\DONT TOUCH\10M-2025-Testing\examples\未分篇\review\第0篇-第4章-4.6.3节","E:\DONT TOUCH\10M-2025-Testing\examples\未分篇\review\第0篇-第4章-4.6-1.3节","True","36","2025-11-04T09:14:38.5711322+08:00"
"E:\DONT TOUCH\10M-2025-Testing\examples\未分篇\review\第0篇-第4章-4.6.4节","E:\DONT TOUCH\10M-2025-Testing\examples\未分篇\review\第0篇-第4章-4.6-1.4节","True","36","2025-11-04T09:14:38.5724525+08:00"
"E:\DONT TOUCH\10M-2025-Testing\examples\未分篇\review\第0篇-第4章-4.6.5节","E:\DONT TOUCH\10M-2025-Testing\examples\未分篇\review\第0篇-第4章-4.6-1.5节","True","36","2025-11-04T09:14:38.5734308+08:00"
"E:\DONT TOUCH\10M-2025-Testing\examples\未分篇\第0篇-第4章-4.6.2节","E:\DONT TOUCH\10M-2025-Testing\examples\未分篇\review\第0篇-第4章-4.6.2节","False","",""
"E:\DONT TOUCH\10M-2025-Testing\examples\未分篇\review\第0篇-第4章-4.6.2节.py","E:\DONT TOUCH\10M-2025-Testing\examples\未分篇\review\第0篇-第4章-4.6.2节-1.py","True","96","2025-11-12T13:57:24.8457584+08:00"
"E:\DONT TOUCH\10M-2025-Testing\examples\未分篇\review\第0篇-第4章-4.6.2节.sh","E:\DONT TOUCH\10M-2025-Testing\examples\未分篇\review\第0篇-第4章-4.6.2节-1.sh","True","117","2025-11-12T13:57:24.8579624+08:00"
"E:\DONT TOUCH\10M-2025-Testing\examples\未分篇\第0篇-第4章-4.6.2节.py","E:\DONT TOUCH\10M-2025-Testing\examples\未分篇\review\第0篇-第4章-4.6.2节.py","False","",""
"E:\DONT TOUCH\10M-2025-Testing\examples\未分篇\第0篇-第4章-4.6.2节.sh","E:\DONT TOUCH\10M-2025-Testing\examples\未分篇\review\第0篇-第4章-4.6.2节.sh","False","",""
"E:\DONT TOUCH\10M-2025-Testing\examples\未分篇\第0篇-第4章-4.6.3节","E:\DONT TOUCH\10M-2025-Testing\examples\未分篇\review\第0篇-第4章-4.6.3节","False","",""
"E:\DONT TOUCH\10M-2025-Testing\examples\未分篇\review\第0篇-第4章-4.6.3节.java","E:\DONT TOUCH\10M-2025-Testing\examples\未分篇\review\第0篇-第4章-4.6.3节-1.java","True","67","2025-11-11T08:55:04.8978136+08:00"
"E:\DONT TOUCH\10M-2025-Testing\examples\未分篇\review\第0篇-第4章-4.6.3节.py","E:\DONT TOUCH\10M-2025-Testing\examples\未分篇\review\第0篇-第4章-4.6.3节-1.py","True","96","2025-11-12T13:57:24.8680088+08:00"
"E:\DONT TOUCH\10M-2025-Testing\examples\未分篇\第0篇-第4章-4.6.3节.java","E:\DONT TOUCH\10M-2025-Testing\examples\未分篇\review\第0篇-第4章-4.6.3节.java","False","",""
"E:\DONT TOUCH\10M-2025-Testing\examples\未分篇\第0篇-第4章-4.6.3节.py","E:\DONT TOUCH\10M-2025-Testing\examples\未分篇\review\第0篇-第4章-4.6.3节.py","False","",""
"E:\DONT TOUCH\10M-2025-Testing\examples\未分篇\第0篇-第4章-4.6.4节","E:\DONT TOUCH\10M-2025-Testing\examples\未分篇\review\第0篇-第4章-4.6.4节","False","",""
"E:\DONT TOUCH\10M-2025-Testing\examples\未分篇\review\第0篇-第4章-4.6.4节.py","E:\DONT TOUCH\10M-2025-Testing\examples\未分篇\review\第0篇-第4章-4.6.4节-1.py","True","96","2025-11-12T13:57:24.8680088+08:00"
"E:\DONT TOUCH\10M-2025-Testing\examples\未分篇\第0篇-第4章-4.6.4节.py","E:\DONT TOUCH\10M-2025-Testing\examples\未分篇\review\第0篇-第4章-4.6.4节.py","False","",""
"E:\DONT TOUCH\10M-2025-Testing\examples\未分篇\第0篇-第4章-4.6.5节","E:\DONT TOUCH\10M-2025-Testing\examples\未分篇\review\第0篇-第4章-4.6.5节","False","",""
"E:\DONT TOUCH\10M-2025-Testing\examples\未分篇\review\第0篇-第4章-4.6.5节.py","E:\DONT TOUCH\10M-2025-Testing\examples\未分篇\review\第0篇-第4章-4.6.5节-1.py","True","96","2025-11-12T13:57:24.8790743+08:00"
"E:\DONT TOUCH\10M-2025-Testing\examples\未分篇\第0篇-第4章-4.6.5节.py","E:\DONT TOUCH\10M-2025-Testing\examples\未分篇\review\第0篇-第4章-4.6.5节.py","False","",""
"E:\DONT TOUCH\10M-2025-Testing\examples\未分篇\review\第0篇-第5章-5.2.1节","E:\DONT TOUCH\10M-2025-Testing\examples\未分篇\review\第0篇-第5章-5.2-1.1节","True","36","2025-11-11T18:07:23.8019317+08:00"
"E:\DONT TOUCH\10M-2025-Testing\examples\未分篇\review\第0篇-第5章-5.2.2节","E:\DONT TOUCH\10M-2025-Testing\examples\未分篇\review\第0篇-第5章-5.2-1.2节","True","36","2025-11-11T18:07:23.8019317+08:00"
"E:\DONT TOUCH\10M-2025-Testing\examples\未分篇\review\第0篇-第5章-5.2.3节","E:\DONT TOUCH\10M-2025-Testing\examples\未分篇\review\第0篇-第5章-5.2-1.3节","True","36","2025-11-11T18:07:23.8019317+08:00"
"E:\DONT TOUCH\10M-2025-Testing\examples\未分篇\review\第0篇-第5章-5.2.4节","E:\DONT TOUCH\10M-2025-Testing\examples\未分篇\review\第0篇-第5章-5.2-1.4节","True","36","2025-11-11T18:07:23.8019317+08:00"
"E:\DONT TOUCH\10M-2025-Testing\examples\未分篇\review\第0篇-第5章-5.2.5节","E:\DONT TOUCH\10M-2025-Testing\examples\未分篇\review\第0篇-第5章-5.2-1.5节","True","36","2025-11-11T18:07:23.8029399+08:00"
"E:\DONT TOUCH\10M-2025-Testing\examples\未分篇\第0篇-第5章-5.2.1节","E:\DONT TOUCH\10M-2025-Testing\examples\未分篇\review\第0篇-第5章-5.2.1节","False","",""
"E:\DONT TOUCH\10M-2025-Testing\examples\未分篇\review\第0篇-第5章-5.2.1节.java","E:\DONT TOUCH\10M-2025-Testing\examples\未分篇\review\第0篇-第5章-5.2.1节-1.java","True","67","2025-11-11T18:07:23.8019317+08:00"
"E:\DONT TOUCH\10M-2025-Testing\examples\未分篇\第0篇-第5章-5.2.1节.java","E:\DONT TOUCH\10M-2025-Testing\examples\未分篇\review\第0篇-第5章-5.2.1节.java","False","",""
"E:\DONT TOUCH\10M-2025-Testing\examples\未分篇\第0篇-第5章-5.2.2节","E:\DONT TOUCH\10M-2025-Testing\examples\未分篇\review\第0篇-第5章-5.2.2节","False","",""
"E:\DONT TOUCH\10M-2025-Testing\examples\未分篇\review\第0篇-第5章-5.2.2节.py","E:\DONT TOUCH\10M-2025-Testing\examples\未分篇\review\第0篇-第5章-5.2.2节-1.py","True","96","2025-11-12T13:57:24.8837139+08:00"
"E:\DONT TOUCH\10M-2025-Testing\examples\未分篇\第0篇-第5章-5.2.2节.py","E:\DONT TOUCH\10M-2025-Testing\examples\未分篇\review\第0篇-第5章-5.2.2节.py","False","",""
"E:\DONT TOUCH\10M-2025-Testing\examples\未分篇\第0篇-第5章-5.2.3节","E:\DONT TOUCH\10M-2025-Testing\examples\未分篇\review\第0篇-第5章-5.2.3节","False","",""
"E:\DONT TOUCH\10M-2025-Testing\examples\未分篇\review\第0篇-第5章-5.2.3节.java","E:\DONT TOUCH\10M-2025-Testing\examples\未分篇\review\第0篇-第5章-5.2.3节-1.java","True","67","2025-11-11T18:07:23.8019317+08:00"
"E:\DONT TOUCH\10M-2025-Testing\examples\未分篇\第0篇-第5章-5.2.3节.java","E:\DONT TOUCH\10M-2025-Testing\examples\未分篇\review\第0篇-第5章-5.2.3节.java","False","",""
"E:\DONT TOUCH\10M-2025-Testing\examples\未分篇\第0篇-第5章-5.2.4节","E:\DONT TOUCH\10M-2025-Testing\examples\未分篇\review\第0篇-第5章-5.2.4节","False","",""
"E:\DONT TOUCH\10M-2025-Testing\examples\未分篇\review\第0篇-第5章-5.2.4节.py","E:\DONT TOUCH\10M-2025-Testing\examples\未分篇\review\第0篇-第5章-5.2.4节-1.py","True","96","2025-11-12T13:57:24.8902454+08:00"
"E:\DONT TOUCH\10M-2025-Testing\examples\未分篇\第0篇-第5章-5.2.4节.py","E:\DONT TOUCH\10M-2025-Testing\examples\未分篇\review\第0篇-第5章-5.2.4节.py","False","",""
"E:\DONT TOUCH\10M-2025-Testing\examples\未分篇\第0篇-第5章-5.2.5节","E:\DONT TOUCH\10M-2025-Testing\examples\未分篇\review\第0篇-第5章-5.2.5节","False","",""
"E:\DONT TOUCH\10M-2025-Testing\examples\未分篇\review\第0篇-第5章-5.2.5节.java","E:\DONT TOUCH\10M-2025-Testing\examples\未分篇\review\第0篇-第5章-5.2.5节-1.java","True","67","2025-11-11T18:07:23.8029399+08:00"
"E:\DONT TOUCH\10M-2025-Testing\examples\未分篇\第0篇-第5章-5.2.5节.java","E:\DONT TOUCH\10M-2025-Testing\examples\未分篇\review\第0篇-第5章-5.2.5节.java","False","",""
"E:\DONT TOUCH\10M-2025-Testing\examples\未分篇\review\第0篇-第5章-5.3.2节","E:\DONT TOUCH\10M-2025-Testing\examples\未分篇\review\第0篇-第5章-5.3-1.2节","True","36","2025-11-11T18:07:23.8029399+08:00"
"E:\DONT TOUCH\10M-2025-Testing\examples\未分篇\review\第0篇-第5章-5.3.3节","E:\DONT TOUCH\10M-2025-Testing\examples\未分篇\review\第0篇-第5章-5.3-1.3节","True","36","2025-11-11T18:07:23.8029399+08:00"
"E:\DONT TOUCH\10M-2025-Testing\examples\未分篇\review\第0篇-第5章-5.3.4节","E:\DONT TOUCH\10M-2025-Testing\examples\未分篇\review\第0篇-第5章-5.3-1.4节","True","36","2025-11-11T18:07:23.8029399+08:00"
"E:\DONT TOUCH\10M-2025-Testing\examples\未分篇\review\第0篇-第5章-5.3.5节","E:\DONT TOUCH\10M-2025-Testing\examples\未分篇\review\第0篇-第5章-5.3-1.5节","True","36","2025-11-11T18:07:23.8039316+08:00"
"E:\DONT TOUCH\10M-2025-Testing\examples\未分篇\第0篇-第5章-5.3.2节","E:\DONT TOUCH\10M-2025-Testing\examples\未分篇\review\第0篇-第5章-5.3.2节","False","",""
"E:\DONT TOUCH\10M-2025-Testing\examples\未分篇\review\第0篇-第5章-5.3.2节.java","E:\DONT TOUCH\10M-2025-Testing\examples\未分篇\review\第0篇-第5章-5.3.2节-1.java","True","67","2025-11-11T18:07:23.8029399+08:00"
"E:\DONT TOUCH\10M-2025-Testing\examples\未分篇\第0篇-第5章-5.3.2节.java","E:\DONT TOUCH\10M-2025-Testing\examples\未分篇\review\第0篇-第5章-5.3.2节.java","False","",""
"E:\DONT TOUCH\10M-2025-Testing\examples\未分篇\第0篇-第5章-5.3.3节","E:\DONT TOUCH\10M-2025-Testing\examples\未分篇\review\第0篇-第5章-5.3.3节","False","",""
"E:\DONT TOUCH\10M-2025-Testing\examples\未分篇\review\第0篇-第5章-5.3.3节.py","E:\DONT TOUCH\10M-2025-Testing\examples\未分篇\review\第0篇-第5章-5.3.3节-1.py","True","96","2025-11-12T13:57:24.8902454+08:00"
"E:\DONT TOUCH\10M-2025-Testing\examples\未分篇\第0篇-第5章-5.3.3节.py","E:\DONT TOUCH\10M-2025-Testing\examples\未分篇\review\第0篇-第5章-5.3.3节.py","False","",""
"E:\DONT TOUCH\10M-2025-Testing\examples\未分篇\第0篇-第5章-5.3.4节","E:\DONT TOUCH\10M-2025-Testing\examples\未分篇\review\第0篇-第5章-5.3.4节","False","",""
"E:\DONT TOUCH\10M-2025-Testing\examples\未分篇\review\第0篇-第5章-5.3.4节.java","E:\DONT TOUCH\10M-2025-Testing\examples\未分篇\review\第0篇-第5章-5.3.4节-1.java","True","67","2025-11-11T18:07:23.8029399+08:00"
"E:\DONT TOUCH\10M-2025-Testing\examples\未分篇\第0篇-第5章-5.3.4节.java","E:\DONT TOUCH\10M-2025-Testing\examples\未分篇\review\第0篇-第5章-5.3.4节.java","False","",""
"E:\DONT TOUCH\10M-2025-Testing\examples\未分篇\第0篇-第5章-5.3.5节","E:\DONT TOUCH\10M-2025-Testing\examples\未分篇\review\第0篇-第5章-5.3.5节","False","",""
"E:\DONT TOUCH\10M-2025-Testing\examples\未分篇\review\第0篇-第5章-5.3.5节.java","E:\DONT TOUCH\10M-2025-Testing\examples\未分篇\review\第0篇-第5章-5.3.5节-1.java","True","67","2025-11-11T18:07:23.8039316+08:00"
"E:\DONT TOUCH\10M-2025-Testing\examples\未分篇\第0篇-第5章-5.3.5节.java","E:\DONT TOUCH\10M-2025-Testing\examples\未分篇\review\第0篇-第5章-5.3.5节.java","False","",""
"E:\DONT TOUCH\10M-2025-Testing\examples\未分篇\review\第0篇-第5章-5.4.2节","E:\DONT TOUCH\10M-2025-Testing\examples\未分篇\review\第0篇-第5章-5.4-1.2节","True","36","2025-11-11T18:07:23.8039316+08:00"
"E:\DONT TOUCH\10M-2025-Testing\examples\未分篇\review\第0篇-第5章-5.4.3节","E:\DONT TOUCH\10M-2025-Testing\examples\未分篇\review\第0篇-第5章-5.4-1.3节","True","36","2025-11-11T18:07:23.8039316+08:00"
"E:\DONT TOUCH\10M-2025-Testing\examples\未分篇\review\第0篇-第5章-5.4.4节","E:\DONT TOUCH\10M-2025-Testing\examples\未分篇\review\第0篇-第5章-5.4-1.4节","True","36","2025-11-11T18:07:23.8039316+08:00"
"E:\DONT TOUCH\10M-2025-Testing\examples\未分篇\第0篇-第5章-5.4.2节","E:\DONT TOUCH\10M-2025-Testing\examples\未分篇\review\第0篇-第5章-5.4.2节","False","",""
"E:\DONT TOUCH\10M-2025-Testing\examples\未分篇\review\第0篇-第5章-5.4.2节.py","E:\DONT TOUCH\10M-2025-Testing\examples\未分篇\review\第0篇-第5章-5.4.2节-1.py","True","96","2025-11-12T13:57:24.9024201+08:00"
"E:\DONT TOUCH\10M-2025-Testing\examples\未分篇\第0篇-第5章-5.4.2节.py","E:\DONT TOUCH\10M-2025-Testing\examples\未分篇\review\第0篇-第5章-5.4.2节.py","False","",""
"E:\DONT TOUCH\10M-2025-Testing\examples\未分篇\第0篇-第5章-5.4.3节","E:\DONT TOUCH\10M-2025-Testing\examples\未分篇\review\第0篇-第5章-5.4.3节","False","",""
"E:\DONT TOUCH\10M-2025-Testing\examples\未分篇\review\第0篇-第5章-5.4.3节.py","E:\DONT TOUCH\10M-2025-Testing\examples\未分篇\review\第0篇-第5章-5.4.3节-1.py","True","96","2025-11-12T13:57:24.9034190+08:00"
"E:\DONT TOUCH\10M-2025-Testing\examples\未分篇\第0篇-第5章-5.4.3节.py","E:\DONT TOUCH\10M-2025-Testing\examples\未分篇\review\第0篇-第5章-5.4.3节.py","False","",""
"E:\DONT TOUCH\10M-2025-Testing\examples\未分篇\第0篇-第5章-5.4.4节","E:\DONT TOUCH\10M-2025-Testing\examples\未分篇\review\第0篇-第5章-5.4.4节","False","",""
"E:\DONT TOUCH\10M-2025-Testing\examples\未分篇\review\第0篇-第5章-5.4.4节.py","E:\DONT TOUCH\10M-2025-Testing\examples\未分篇\review\第0篇-第5章-5.4.4节-1.py","True","96","2025-11-12T13:57:24.9146600+08:00"
"E:\DONT TOUCH\10M-2025-Testing\examples\未分篇\第0篇-第5章-5.4.4节.py","E:\DONT TOUCH\10M-2025-Testing\examples\未分篇\review\第0篇-第5章-5.4.4节.py","False","",""
"E:\DONT TOUCH\10M-2025-Testing\examples\未分篇\第0篇-第5章-5.4.5节","E:\DONT TOUCH\10M-2025-Testing\examples\未分篇\review\第0篇-第5章-5.4.5节","False","",""
"E:\DONT TOUCH\10M-2025-Testing\examples\未分篇\第0篇-第5章-5.4.5节.py","E:\DONT TOUCH\10M-2025-Testing\examples\未分篇\review\第0篇-第5章-5.4.5节.py","False","",""
"E:\DONT TOUCH\10M-2025-Testing\examples\未分篇\review\第0篇-第5章-5.5.1节","E:\DONT TOUCH\10M-2025-Testing\examples\未分篇\review\第0篇-第5章-5.5-1.1节","True","36","2025-11-11T18:07:23.8049158+08:00"
"E:\DONT TOUCH\10M-2025-Testing\examples\未分篇\review\第0篇-第5章-5.5.2节","E:\DONT TOUCH\10M-2025-Testing\examples\未分篇\review\第0篇-第5章-5.5-1.2节","True","36","2025-11-11T18:07:23.8049158+08:00"
"E:\DONT TOUCH\10M-2025-Testing\examples\未分篇\review\第0篇-第5章-5.5.3节","E:\DONT TOUCH\10M-2025-Testing\examples\未分篇\review\第0篇-第5章-5.5-1.3节","True","36","2025-11-11T18:07:23.8049158+08:00"
"E:\DONT TOUCH\10M-2025-Testing\examples\未分篇\review\第0篇-第5章-5.5.4节","E:\DONT TOUCH\10M-2025-Testing\examples\未分篇\review\第0篇-第5章-5.5-1.4节","True","36","2025-11-11T18:07:23.8059147+08:00"
"E:\DONT TOUCH\10M-2025-Testing\examples\未分篇\第0篇-第5章-5.5.1节","E:\DONT TOUCH\10M-2025-Testing\examples\未分篇\review\第0篇-第5章-5.5.1节","False","",""
"E:\DONT TOUCH\10M-2025-Testing\examples\未分篇\review\第0篇-第5章-5.5.1节.java","E:\DONT TOUCH\10M-2025-Testing\examples\未分篇\review\第0篇-第5章-5.5.1节-1.java","True","67","2025-11-11T18:07:23.8049158+08:00"
"E:\DONT TOUCH\10M-2025-Testing\examples\未分篇\第0篇-第5章-5.5.1节.java","E:\DONT TOUCH\10M-2025-Testing\examples\未分篇\review\第0篇-第5章-5.5.1节.java","False","",""
"E:\DONT TOUCH\10M-2025-Testing\examples\未分篇\第0篇-第5章-5.5.2节","E:\DONT TOUCH\10M-2025-Testing\examples\未分篇\review\第0篇-第5章-5.5.2节","False","",""
"E:\DONT TOUCH\10M-2025-Testing\examples\未分篇\review\第0篇-第5章-5.5.2节.py","E:\DONT TOUCH\10M-2025-Testing\examples\未分篇\review\第0篇-第5章-5.5.2节-1.py","True","96","2025-11-12T13:57:24.9274940+08:00"
"E:\DONT TOUCH\10M-2025-Testing\examples\未分篇\第0篇-第5章-5.5.2节.py","E:\DONT TOUCH\10M-2025-Testing\examples\未分篇\review\第0篇-第5章-5.5.2节.py","False","",""
"E:\DONT TOUCH\10M-2025-Testing\examples\未分篇\第0篇-第5章-5.5.3节","E:\DONT TOUCH\10M-2025-Testing\examples\未分篇\review\第0篇-第5章-5.5.3节","False","",""
"E:\DONT TOUCH\10M-2025-Testing\examples\未分篇\review\第0篇-第5章-5.5.3节.java","E:\DONT TOUCH\10M-2025-Testing\examples\未分篇\review\第0篇-第5章-5.5.3节-1.java","True","67","2025-11-11T18:07:23.8049158+08:00"
"E:\DONT TOUCH\10M-2025-Testing\examples\未分篇\第0篇-第5章-5.5.3节.java","E:\DONT TOUCH\10M-2025-Testing\examples\未分篇\review\第0篇-第5章-5.5.3节.java","False","",""
"E:\DONT TOUCH\10M-2025-Testing\examples\未分篇\第0篇-第5章-5.5.4节","E:\DONT TOUCH\10M-2025-Testing\examples\未分篇\review\第0篇-第5章-5.5.4节","False","",""
"E:\DONT TOUCH\10M-2025-Testing\examples\未分篇\review\第0篇-第5章-5.5.4节.py","E:\DONT TOUCH\10M-2025-Testing\examples\未分篇\review\第0篇-第5章-5.5.4节-1.py","True","96","2025-11-12T13:57:24.9347385+08:00"
"E:\DONT TOUCH\10M-2025-Testing\examples\未分篇\第0篇-第5章-5.5.4节.py","E:\DONT TOUCH\10M-2025-Testing\examples\未分篇\review\第0篇-第5章-5.5.4节.py","False","",""
"E:\DONT TOUCH\10M-2025-Testing\examples\未分篇\review\第0篇-第5章-5.6.2节","E:\DONT TOUCH\10M-2025-Testing\examples\未分篇\review\第0篇-第5章-5.6-1.2节","True","36","2025-11-04T09:14:38.5744761+08:00"
"E:\DONT TOUCH\10M-2025-Testing\examples\未分篇\review\第0篇-第5章-5.6.3节","E:\DONT TOUCH\10M-2025-Testing\examples\未分篇\review\第0篇-第5章-5.6-1.3节","True","36","2025-11-04T09:14:38.5755211+08:00"
"E:\DONT TOUCH\10M-2025-Testing\examples\未分篇\review\第0篇-第5章-5.6.4节","E:\DONT TOUCH\10M-2025-Testing\examples\未分篇\review\第0篇-第5章-5.6-1.4节","True","36","2025-11-11T18:07:23.8059147+08:00"
"E:\DONT TOUCH\10M-2025-Testing\examples\未分篇\review\第0篇-第5章-5.6.5节","E:\DONT TOUCH\10M-2025-Testing\examples\未分篇\review\第0篇-第5章-5.6-1.5节","True","36","2025-11-04T09:14:38.5755211+08:00"
"E:\DONT TOUCH\10M-2025-Testing\examples\未分篇\第0篇-第5章-5.6.2节","E:\DONT TOUCH\10M-2025-Testing\examples\未分篇\review\第0篇-第5章-5.6.2节","False","",""
"E:\DONT TOUCH\10M-2025-Testing\examples\未分篇\review\第0篇-第5章-5.6.2节.java","E:\DONT TOUCH\10M-2025-Testing\examples\未分篇\review\第0篇-第5章-5.6.2节-1.java","True","67","2025-11-11T08:55:04.8978136+08:00"
"E:\DONT TOUCH\10M-2025-Testing\examples\未分篇\第0篇-第5章-5.6.2节.java","E:\DONT TOUCH\10M-2025-Testing\examples\未分篇\review\第0篇-第5章-5.6.2节.java","False","",""
"E:\DONT TOUCH\10M-2025-Testing\examples\未分篇\第0篇-第5章-5.6.3节","E:\DONT TOUCH\10M-2025-Testing\examples\未分篇\review\第0篇-第5章-5.6.3节","False","",""
"E:\DONT TOUCH\10M-2025-Testing\examples\未分篇\review\第0篇-第5章-5.6.3节.py","E:\DONT TOUCH\10M-2025-Testing\examples\未分篇\review\第0篇-第5章-5.6.3节-1.py","True","96","2025-11-12T13:57:24.9389911+08:00"
"E:\DONT TOUCH\10M-2025-Testing\examples\未分篇\第0篇-第5章-5.6.3节.py","E:\DONT TOUCH\10M-2025-Testing\examples\未分篇\review\第0篇-第5章-5.6.3节.py","False","",""
"E:\DONT TOUCH\10M-2025-Testing\examples\未分篇\第0篇-第5章-5.6.4节","E:\DONT TOUCH\10M-2025-Testing\examples\未分篇\review\第0篇-第5章-5.6.4节","False","",""
"E:\DONT TOUCH\10M-2025-Testing\examples\未分篇\第0篇-第5章-5.6.4节.py","E:\DONT TOUCH\10M-2025-Testing\examples\未分篇\review\第0篇-第5章-5.6.4节.py","False","",""
"E:\DONT TOUCH\10M-2025-Testing\examples\未分篇\第0篇-第5章-5.6.5节","E:\DONT TOUCH\10M-2025-Testing\examples\未分篇\review\第0篇-第5章-5.6.5节","False","",""
"E:\DONT TOUCH\10M-2025-Testing\examples\未分篇\review\第0篇-第5章-5.6.5节.json","E:\DONT TOUCH\10M-2025-Testing\examples\未分篇\review\第0篇-第5章-5.6.5节-1.json","True","26","2025-11-11T08:55:04.8978136+08:00"
"E:\DONT TOUCH\10M-2025-Testing\examples\未分篇\review\第0篇-第5章-5.6.5节.properties","E:\DONT TOUCH\10M-2025-Testing\examples\未分篇\review\第0篇-第5章-5.6.5节-1.properties","True","64","2025-11-11T08:55:04.8978136+08:00"
"E:\DONT TOUCH\10M-2025-Testing\examples\未分篇\review\第0篇-第5章-5.6.5节.sh","E:\DONT TOUCH\10M-2025-Testing\examples\未分篇\review\第0篇-第5章-5.6.5节-1.sh","True","117","2025-11-12T13:57:24.9573069+08:00"
"E:\DONT TOUCH\10M-2025-Testing\examples\未分篇\review\第0篇-第5章-5.6.5节.yml","E:\DONT TOUCH\10M-2025-Testing\examples\未分篇\review\第0篇-第5章-5.6.5节-1.yml","True","96","2025-11-12T13:57:24.9573069+08:00"
"E:\DONT TOUCH\10M-2025-Testing\examples\未分篇\第0篇-第5章-5.6.5节.json","E:\DONT TOUCH\10M-2025-Testing\examples\未分篇\review\第0篇-第5章-5.6.5节.json","False","",""
"E:\DONT TOUCH\10M-2025-Testing\examples\未分篇\第0篇-第5章-5.6.5节.properties","E:\DONT TOUCH\10M-2025-Testing\examples\未分篇\review\第0篇-第5章-5.6.5节.properties","False","",""
"E:\DONT TOUCH\10M-2025-Testing\examples\未分篇\第0篇-第5章-5.6.5节.sh","E:\DONT TOUCH\10M-2025-Testing\examples\未分篇\review\第0篇-第5章-5.6.5节.sh","False","",""
"E:\DONT TOUCH\10M-2025-Testing\examples\未分篇\第0篇-第5章-5.6.5节.yml","E:\DONT TOUCH\10M-2025-Testing\examples\未分篇\review\第0篇-第5章-5.6.5节.yml","False","",""
"E:\DONT TOUCH\10M-2025-Testing\examples\未分篇\review\第0篇-第6章-6.1.3节","E:\DONT TOUCH\10M-2025-Testing\examples\未分篇\review\第0篇-第6章-6.1-1.3节","True","36","2025-11-11T18:07:23.8059147+08:00"
"E:\DONT TOUCH\10M-2025-Testing\examples\未分篇\第0篇-第6章-6.1.3节","E:\DONT TOUCH\10M-2025-Testing\examples\未分篇\review\第0篇-第6章-6.1.3节","False","",""
"E:\DONT TOUCH\10M-2025-Testing\examples\未分篇\review\第0篇-第6章-6.1.3节.py","E:\DONT TOUCH\10M-2025-Testing\examples\未分篇\review\第0篇-第6章-6.1.3节-1.py","True","96","2025-11-12T13:57:24.9718671+08:00"
"E:\DONT TOUCH\10M-2025-Testing\examples\未分篇\第0篇-第6章-6.1.3节.py","E:\DONT TOUCH\10M-2025-Testing\examples\未分篇\review\第0篇-第6章-6.1.3节.py","False","",""
"E:\DONT TOUCH\10M-2025-Testing\examples\未分篇\review\第0篇-第6章-6.2.1节","E:\DONT TOUCH\10M-2025-Testing\examples\未分篇\review\第0篇-第6章-6.2-1.1节","True","36","2025-11-04T09:14:38.5755211+08:00"
"E:\DONT TOUCH\10M-2025-Testing\examples\未分篇\review\第0篇-第6章-6.2.2节","E:\DONT TOUCH\10M-2025-Testing\examples\未分篇\review\第0篇-第6章-6.2-1.2节","True","36","2025-11-04T09:14:38.5755211+08:00"
"E:\DONT TOUCH\10M-2025-Testing\examples\未分篇\review\第0篇-第6章-6.2.3节","E:\DONT TOUCH\10M-2025-Testing\examples\未分篇\review\第0篇-第6章-6.2-1.3节","True","36","2025-11-04T09:14:38.5755211+08:00"
"E:\DONT TOUCH\10M-2025-Testing\examples\未分篇\review\第0篇-第6章-6.2.4节","E:\DONT TOUCH\10M-2025-Testing\examples\未分篇\review\第0篇-第6章-6.2-1.4节","True","36","2025-11-04T09:14:38.5755211+08:00"
"E:\DONT TOUCH\10M-2025-Testing\examples\未分篇\review\第0篇-第6章-6.2.5节","E:\DONT TOUCH\10M-2025-Testing\examples\未分篇\review\第0篇-第6章-6.2-1.5节","True","36","2025-11-04T09:14:38.5755211+08:00"
"E:\DONT TOUCH\10M-2025-Testing\examples\未分篇\第0篇-第6章-6.2.1节","E:\DONT TOUCH\10M-2025-Testing\examples\未分篇\review\第0篇-第6章-6.2.1节","False","",""
"E:\DONT TOUCH\10M-2025-Testing\examples\未分篇\review\第0篇-第6章-6.2.1节.py","E:\DONT TOUCH\10M-2025-Testing\examples\未分篇\review\第0篇-第6章-6.2.1节-1.py","True","96","2025-11-12T13:57:24.9791078+08:00"
"E:\DONT TOUCH\10M-2025-Testing\examples\未分篇\第0篇-第6章-6.2.1节.py","E:\DONT TOUCH\10M-2025-Testing\examples\未分篇\review\第0篇-第6章-6.2.1节.py","False","",""
"E:\DONT TOUCH\10M-2025-Testing\examples\未分篇\第0篇-第6章-6.2.2节","E:\DONT TOUCH\10M-2025-Testing\examples\未分篇\review\第0篇-第6章-6.2.2节","False","",""
"E:\DONT TOUCH\10M-2025-Testing\examples\未分篇\review\第0篇-第6章-6.2.2节.py","E:\DONT TOUCH\10M-2025-Testing\examples\未分篇\review\第0篇-第6章-6.2.2节-1.py","True","96","2025-11-12T13:57:24.9839111+08:00"
"E:\DONT TOUCH\10M-2025-Testing\examples\未分篇\第0篇-第6章-6.2.2节.py","E:\DONT TOUCH\10M-2025-Testing\examples\未分篇\review\第0篇-第6章-6.2.2节.py","False","",""
"E:\DONT TOUCH\10M-2025-Testing\examples\未分篇\第0篇-第6章-6.2.3节","E:\DONT TOUCH\10M-2025-Testing\examples\未分篇\review\第0篇-第6章-6.2.3节","False","",""
"E:\DONT TOUCH\10M-2025-Testing\examples\未分篇\review\第0篇-第6章-6.2.3节.py","E:\DONT TOUCH\10M-2025-Testing\examples\未分篇\review\第0篇-第6章-6.2.3节-1.py","True","96","2025-11-12T13:57:24.9912170+08:00"
"E:\DONT TOUCH\10M-2025-Testing\examples\未分篇\第0篇-第6章-6.2.3节.py","E:\DONT TOUCH\10M-2025-Testing\examples\未分篇\review\第0篇-第6章-6.2.3节.py","False","",""
"E:\DONT TOUCH\10M-2025-Testing\examples\未分篇\第0篇-第6章-6.2.4节","E:\DONT TOUCH\10M-2025-Testing\examples\未分篇\review\第0篇-第6章-6.2.4节","False","",""
"E:\DONT TOUCH\10M-2025-Testing\examples\未分篇\review\第0篇-第6章-6.2.4节.py","E:\DONT TOUCH\10M-2025-Testing\examples\未分篇\review\第0篇-第6章-6.2.4节-1.py","True","96","2025-11-12T13:57:24.9939371+08:00"
"E:\DONT TOUCH\10M-2025-Testing\examples\未分篇\第0篇-第6章-6.2.4节.py","E:\DONT TOUCH\10M-2025-Testing\examples\未分篇\review\第0篇-第6章-6.2.4节.py","False","",""
"E:\DONT TOUCH\10M-2025-Testing\examples\未分篇\第0篇-第6章-6.2.5节","E:\DONT TOUCH\10M-2025-Testing\examples\未分篇\review\第0篇-第6章-6.2.5节","False","",""
"E:\DONT TOUCH\10M-2025-Testing\examples\未分篇\review\第0篇-第6章-6.2.5节.py","E:\DONT TOUCH\10M-2025-Testing\examples\未分篇\review\第0篇-第6章-6.2.5节-1.py","True","96","2025-11-12T13:57:25.0023444+08:00"
"E:\DONT TOUCH\10M-2025-Testing\examples\未分篇\第0篇-第6章-6.2.5节.py","E:\DONT TOUCH\10M-2025-Testing\examples\未分篇\review\第0篇-第6章-6.2.5节.py","False","",""
"E:\DONT TOUCH\10M-2025-Testing\examples\未分篇\review\第0篇-第6章-6.3.1节","E:\DONT TOUCH\10M-2025-Testing\examples\未分篇\review\第0篇-第6章-6.3-1.1节","True","36","2025-11-04T09:14:38.5755211+08:00"
"E:\DONT TOUCH\10M-2025-Testing\examples\未分篇\review\第0篇-第6章-6.3.2节","E:\DONT TOUCH\10M-2025-Testing\examples\未分篇\review\第0篇-第6章-6.3-1.2节","True","36","2025-11-04T09:14:38.5826241+08:00"
"E:\DONT TOUCH\10M-2025-Testing\examples\未分篇\review\第0篇-第6章-6.3.3节","E:\DONT TOUCH\10M-2025-Testing\examples\未分篇\review\第0篇-第6章-6.3-1.3节","True","36","2025-11-04T09:14:38.5830258+08:00"
"E:\DONT TOUCH\10M-2025-Testing\examples\未分篇\review\第0篇-第6章-6.3.4节","E:\DONT TOUCH\10M-2025-Testing\examples\未分篇\review\第0篇-第6章-6.3-1.4节","True","36","2025-11-04T09:14:38.5837568+08:00"
"E:\DONT TOUCH\10M-2025-Testing\examples\未分篇\review\第0篇-第6章-6.3.5节","E:\DONT TOUCH\10M-2025-Testing\examples\未分篇\review\第0篇-第6章-6.3-1.5节","True","36","2025-11-04T09:14:38.5837568+08:00"
"E:\DONT TOUCH\10M-2025-Testing\examples\未分篇\第0篇-第6章-6.3.1节","E:\DONT TOUCH\10M-2025-Testing\examples\未分篇\review\第0篇-第6章-6.3.1节","False","",""
"E:\DONT TOUCH\10M-2025-Testing\examples\未分篇\review\第0篇-第6章-6.3.1节.py","E:\DONT TOUCH\10M-2025-Testing\examples\未分篇\review\第0篇-第6章-6.3.1节-1.py","True","96","2025-11-12T13:57:25.0051786+08:00"
"E:\DONT TOUCH\10M-2025-Testing\examples\未分篇\第0篇-第6章-6.3.1节.py","E:\DONT TOUCH\10M-2025-Testing\examples\未分篇\review\第0篇-第6章-6.3.1节.py","False","",""
"E:\DONT TOUCH\10M-2025-Testing\examples\未分篇\第0篇-第6章-6.3.2节","E:\DONT TOUCH\10M-2025-Testing\examples\未分篇\review\第0篇-第6章-6.3.2节","False","",""
"E:\DONT TOUCH\10M-2025-Testing\examples\未分篇\review\第0篇-第6章-6.3.2节.py","E:\DONT TOUCH\10M-2025-Testing\examples\未分篇\review\第0篇-第6章-6.3.2节-1.py","True","96","2025-11-12T13:57:25.0124994+08:00"
"E:\DONT TOUCH\10M-2025-Testing\examples\未分篇\第0篇-第6章-6.3.2节.py","E:\DONT TOUCH\10M-2025-Testing\examples\未分篇\review\第0篇-第6章-6.3.2节.py","False","",""
"E:\DONT TOUCH\10M-2025-Testing\examples\未分篇\第0篇-第6章-6.3.3节","E:\DONT TOUCH\10M-2025-Testing\examples\未分篇\review\第0篇-第6章-6.3.3节","False","",""
"E:\DONT TOUCH\10M-2025-Testing\examples\未分篇\review\第0篇-第6章-6.3.3节.py","E:\DONT TOUCH\10M-2025-Testing\examples\未分篇\review\第0篇-第6章-6.3.3节-1.py","True","96","2025-11-12T13:57:25.0162222+08:00"
"E:\DONT TOUCH\10M-2025-Testing\examples\未分篇\第0篇-第6章-6.3.3节.py","E:\DONT TOUCH\10M-2025-Testing\examples\未分篇\review\第0篇-第6章-6.3.3节.py","False","",""
"E:\DONT TOUCH\10M-2025-Testing\examples\未分篇\第0篇-第6章-6.3.4节","E:\DONT TOUCH\10M-2025-Testing\examples\未分篇\review\第0篇-第6章-6.3.4节","False","",""
"E:\DONT TOUCH\10M-2025-Testing\examples\未分篇\review\第0篇-第6章-6.3.4节.py","E:\DONT TOUCH\10M-2025-Testing\examples\未分篇\review\第0篇-第6章-6.3.4节-1.py","True","96","2025-11-12T13:57:25.0237382+08:00"
"E:\DONT TOUCH\10M-2025-Testing\examples\未分篇\第0篇-第6章-6.3.4节.py","E:\DONT TOUCH\10M-2025-Testing\examples\未分篇\review\第0篇-第6章-6.3.4节.py","False","",""
"E:\DONT TOUCH\10M-2025-Testing\examples\未分篇\第0篇-第6章-6.3.5节","E:\DONT TOUCH\10M-2025-Testing\examples\未分篇\review\第0篇-第6章-6.3.5节","False","",""
"E:\DONT TOUCH\10M-2025-Testing\examples\未分篇\review\第0篇-第6章-6.3.5节.py","E:\DONT TOUCH\10M-2025-Testing\examples\未分篇\review\第0篇-第6章-6.3.5节-1.py","True","96","2025-11-12T13:57:25.0273858+08:00"
"E:\DONT TOUCH\10M-2025-Testing\examples\未分篇\第0篇-第6章-6.3.5节.py","E:\DONT TOUCH\10M-2025-Testing\examples\未分篇\review\第0篇-第6章-6.3.5节.py","False","",""
"E:\DONT TOUCH\10M-2025-Testing\examples\未分篇\review\第0篇-第6章-6.4.1节","E:\DONT TOUCH\10M-2025-Testing\examples\未分篇\review\第0篇-第6章-6.4-1.1节","True","36","2025-11-04T09:14:38.5837568+08:00"
"E:\DONT TOUCH\10M-2025-Testing\examples\未分篇\review\第0篇-第6章-6.4.3节","E:\DONT TOUCH\10M-2025-Testing\examples\未分篇\review\第0篇-第6章-6.4-1.3节","True","36","2025-11-04T09:14:38.5837568+08:00"
"E:\DONT TOUCH\10M-2025-Testing\examples\未分篇\review\第0篇-第6章-6.4.5节","E:\DONT TOUCH\10M-2025-Testing\examples\未分篇\review\第0篇-第6章-6.4-1.5节","True","36","2025-11-04T09:14:38.5837568+08:00"
"E:\DONT TOUCH\10M-2025-Testing\examples\未分篇\第0篇-第6章-6.4.1节","E:\DONT TOUCH\10M-2025-Testing\examples\未分篇\review\第0篇-第6章-6.4.1节","False","",""
"E:\DONT TOUCH\10M-2025-Testing\examples\未分篇\review\第0篇-第6章-6.4.1节.py","E:\DONT TOUCH\10M-2025-Testing\examples\未分篇\review\第0篇-第6章-6.4.1节-1.py","True","96","2025-11-12T13:57:25.0348339+08:00"
"E:\DONT TOUCH\10M-2025-Testing\examples\未分篇\第0篇-第6章-6.4.1节.py","E:\DONT TOUCH\10M-2025-Testing\examples\未分篇\review\第0篇-第6章-6.4.1节.py","False","",""
"E:\DONT TOUCH\10M-2025-Testing\examples\未分篇\第0篇-第6章-6.4.3节","E:\DONT TOUCH\10M-2025-Testing\examples\未分篇\review\第0篇-第6章-6.4.3节","False","",""
"E:\DONT TOUCH\10M-2025-Testing\examples\未分篇\review\第0篇-第6章-6.4.3节.py","E:\DONT TOUCH\10M-2025-Testing\examples\未分篇\review\第0篇-第6章-6.4.3节-1.py","True","96","2025-11-12T13:57:25.0387014+08:00"
"E:\DONT TOUCH\10M-2025-Testing\examples\未分篇\第0篇-第6章-6.4.3节.py","E:\DONT TOUCH\10M-2025-Testing\examples\未分篇\review\第0篇-第6章-6.4.3节.py","False","",""
"E:\DONT TOUCH\10M-2025-Testing\examples\未分篇\第0篇-第6章-6.4.5节","E:\DONT TOUCH\10M-2025-Testing\examples\未分篇\review\第0篇-第6章-6.4.5节","False","",""
"E:\DONT TOUCH\10M-2025-Testing\examples\未分篇\review\第0篇-第6章-6.4.5节.py","E:\DONT TOUCH\10M-2025-Testing\examples\未分篇\review\第0篇-第6章-6.4.5节-1.py","True","96","2025-11-12T13:57:25.0458160+08:00"
"E:\DONT TOUCH\10M-2025-Testing\examples\未分篇\第0篇-第6章-6.4.5节.py","E:\DONT TOUCH\10M-2025-Testing\examples\未分篇\review\第0篇-第6章-6.4.5节.py","False","",""
"E:\DONT TOUCH\10M-2025-Testing\examples\未分篇\review\第0篇-第6章-6.5.1节","E:\DONT TOUCH\10M-2025-Testing\examples\未分篇\review\第0篇-第6章-6.5-1.1节","True","36","2025-11-04T09:14:38.5837568+08:00"
"E:\DONT TOUCH\10M-2025-Testing\examples\未分篇\review\第0篇-第6章-6.5.2节","E:\DONT TOUCH\10M-2025-Testing\examples\未分篇\review\第0篇-第6章-6.5-1.2节","True","36","2025-11-04T09:14:38.5837568+08:00"
"E:\DONT TOUCH\10M-2025-Testing\examples\未分篇\review\第0篇-第6章-6.5.3节","E:\DONT TOUCH\10M-2025-Testing\examples\未分篇\review\第0篇-第6章-6.5-1.3节","True","36","2025-11-04T09:14:38.5837568+08:00"
"E:\DONT TOUCH\10M-2025-Testing\examples\未分篇\review\第0篇-第6章-6.5.4节","E:\DONT TOUCH\10M-2025-Testing\examples\未分篇\review\第0篇-第6章-6.5-1.4节","True","36","2025-11-04T09:14:38.5837568+08:00"
"E:\DONT TOUCH\10M-2025-Testing\examples\未分篇\review\第0篇-第6章-6.5.5节","E:\DONT TOUCH\10M-2025-Testing\examples\未分篇\review\第0篇-第6章-6.5-1.5节","True","36","2025-11-04T09:14:38.5837568+08:00"
"E:\DONT TOUCH\10M-2025-Testing\examples\未分篇\第0篇-第6章-6.5.1节","E:\DONT TOUCH\10M-2025-Testing\examples\未分篇\review\第0篇-第6章-6.5.1节","False","",""
"E:\DONT TOUCH\10M-2025-Testing\examples\未分篇\review\第0篇-第6章-6.5.1节.py","E:\DONT TOUCH\10M-2025-Testing\examples\未分篇\review\第0篇-第6章-6.5.1节-1.py","True","96","2025-11-12T13:57:25.0496668+08:00"
"E:\DONT TOUCH\10M-2025-Testing\examples\未分篇\第0篇-第6章-6.5.1节.py","E:\DONT TOUCH\10M-2025-Testing\examples\未分篇\review\第0篇-第6章-6.5.1节.py","False","",""
"E:\DONT TOUCH\10M-2025-Testing\examples\未分篇\第0篇-第6章-6.5.2节","E:\DONT TOUCH\10M-2025-Testing\examples\未分篇\review\第0篇-第6章-6.5.2节","False","",""
"E:\DONT TOUCH\10M-2025-Testing\examples\未分篇\review\第0篇-第6章-6.5.2节.py","E:\DONT TOUCH\10M-2025-Testing\examples\未分篇\review\第0篇-第6章-6.5.2节-1.py","True","96","2025-11-12T13:57:25.0496668+08:00"
"E:\DONT TOUCH\10M-2025-Testing\examples\未分篇\第0篇-第6章-6.5.2节.py","E:\DONT TOUCH\10M-2025-Testing\examples\未分篇\review\第0篇-第6章-6.5.2节.py","False","",""
"E:\DONT TOUCH\10M-2025-Testing\examples\未分篇\第0篇-第6章-6.5.3节","E:\DONT TOUCH\10M-2025-Testing\examples\未分篇\review\第0篇-第6章-6.5.3节","False","",""
"E:\DONT TOUCH\10M-2025-Testing\examples\未分篇\第0篇-第6章-6.5.3节.py","E:\DONT TOUCH\10M-2025-Testing\examples\未分篇\review\第0篇-第6章-6.5.3节.py","False","",""
"E:\DONT TOUCH\10M-2025-Testing\examples\未分篇\第0篇-第6章-6.5.4节","E:\DONT TOUCH\10M-2025-Testing\examples\未分篇\review\第0篇-第6章-6.5.4节","False","",""
"E:\DONT TOUCH\10M-2025-Testing\examples\未分篇\review\第0篇-第6章-6.5.4节.py","E:\DONT TOUCH\10M-2025-Testing\examples\未分篇\review\第0篇-第6章-6.5.4节-1.py","True","96","2025-11-12T13:57:25.0610829+08:00"
"E:\DONT TOUCH\10M-2025-Testing\examples\未分篇\第0篇-第6章-6.5.4节.py","E:\DONT TOUCH\10M-2025-Testing\examples\未分篇\review\第0篇-第6章-6.5.4节.py","False","",""
"E:\DONT TOUCH\10M-2025-Testing\examples\未分篇\第0篇-第6章-6.5.5节","E:\DONT TOUCH\10M-2025-Testing\examples\未分篇\review\第0篇-第6章-6.5.5节","False","",""
"E:\DONT TOUCH\10M-2025-Testing\examples\未分篇\review\第0篇-第6章-6.5.5节.py","E:\DONT TOUCH\10M-2025-Testing\examples\未分篇\review\第0篇-第6章-6.5.5节-1.py","True","96","2025-11-12T13:57:25.0709686+08:00"
"E:\DONT TOUCH\10M-2025-Testing\examples\未分篇\第0篇-第6章-6.5.5节.py","E:\DONT TOUCH\10M-2025-Testing\examples\未分篇\review\第0篇-第6章-6.5.5节.py","False","",""
"E:\DONT TOUCH\10M-2025-Testing\examples\未分篇\review\第0篇-第7章-7.1节","E:\DONT TOUCH\10M-2025-Testing\examples\未分篇\review\第0篇-第7章-7-1.1节","True","36","2025-11-11T18:07:23.8059147+08:00"
"E:\DONT TOUCH\10M-2025-Testing\examples\未分篇\第0篇-第7章-7.1节","E:\DONT TOUCH\10M-2025-Testing\examples\未分篇\review\第0篇-第7章-7.1节","False","",""
"E:\DONT TOUCH\10M-2025-Testing\examples\未分篇\review\第0篇-第7章-7.1节.py","E:\DONT TOUCH\10M-2025-Testing\examples\未分篇\review\第0篇-第7章-7.1节-1.py","True","96","2025-11-12T13:57:25.0714098+08:00"
"E:\DONT TOUCH\10M-2025-Testing\examples\未分篇\第0篇-第7章-7.1节.py","E:\DONT TOUCH\10M-2025-Testing\examples\未分篇\review\第0篇-第7章-7.1节.py","False","",""
"E:\DONT TOUCH\10M-2025-Testing\examples\未分篇\review\第0篇-第7章-7.2.4节","E:\DONT TOUCH\10M-2025-Testing\examples\未分篇\review\第0篇-第7章-7.2-1.4节","True","36","2025-11-11T18:07:23.8069374+08:00"
"E:\DONT TOUCH\10M-2025-Testing\examples\未分篇\第0篇-第7章-7.2.4节","E:\DONT TOUCH\10M-2025-Testing\examples\未分篇\review\第0篇-第7章-7.2.4节","False","",""
"E:\DONT TOUCH\10M-2025-Testing\examples\未分篇\review\第0篇-第7章-7.2.4节.py","E:\DONT TOUCH\10M-2025-Testing\examples\未分篇\review\第0篇-第7章-7.2.4节-1.py","True","96","2025-11-12T13:57:25.0811506+08:00"
"E:\DONT TOUCH\10M-2025-Testing\examples\未分篇\第0篇-第7章-7.2.4节.py","E:\DONT TOUCH\10M-2025-Testing\examples\未分篇\review\第0篇-第7章-7.2.4节.py","False","",""
"E:\DONT TOUCH\10M-2025-Testing\examples\未分篇\review\第0篇-第7章-7.3.6节","E:\DONT TOUCH\10M-2025-Testing\examples\未分篇\review\第0篇-第7章-7.3-1.6节","True","36","2025-11-04T09:14:38.5837568+08:00"
"E:\DONT TOUCH\10M-2025-Testing\examples\未分篇\第0篇-第7章-7.3.6节","E:\DONT TOUCH\10M-2025-Testing\examples\未分篇\review\第0篇-第7章-7.3.6节","False","",""
"E:\DONT TOUCH\10M-2025-Testing\examples\未分篇\review\第0篇-第7章-7.3.6节.py","E:\DONT TOUCH\10M-2025-Testing\examples\未分篇\review\第0篇-第7章-7.3.6节-1.py","True","96","2025-11-12T13:57:25.0846970+08:00"
"E:\DONT TOUCH\10M-2025-Testing\examples\未分篇\第0篇-第7章-7.3.6节.py","E:\DONT TOUCH\10M-2025-Testing\examples\未分篇\review\第0篇-第7章-7.3.6节.py","False","",""
"E:\DONT TOUCH\10M-2025-Testing\examples\未分篇\review\第0篇-第7章-7.4.5节","E:\DONT TOUCH\10M-2025-Testing\examples\未分篇\review\第0篇-第7章-7.4-1.5节","True","36","2025-11-04T09:14:38.5837568+08:00"
"E:\DONT TOUCH\10M-2025-Testing\examples\未分篇\第0篇-第7章-7.4.5节","E:\DONT TOUCH\10M-2025-Testing\examples\未分篇\review\第0篇-第7章-7.4.5节","False","",""
"E:\DONT TOUCH\10M-2025-Testing\examples\未分篇\review\第0篇-第7章-7.4.5节.py","E:\DONT TOUCH\10M-2025-Testing\examples\未分篇\review\第0篇-第7章-7.4.5节-1.py","True","96","2025-11-12T13:57:25.0911885+08:00"
"E:\DONT TOUCH\10M-2025-Testing\examples\未分篇\第0篇-第7章-7.4.5节.py","E:\DONT TOUCH\10M-2025-Testing\examples\未分篇\review\第0篇-第7章-7.4.5节.py","False","",""
"E:\DONT TOUCH\10M-2025-Testing\examples\未分篇\review\第0篇-第7章-7.5.6节","E:\DONT TOUCH\10M-2025-Testing\examples\未分篇\review\第0篇-第7章-7.5-1.6节","True","36","2025-11-04T09:14:38.5837568+08:00"
"E:\DONT TOUCH\10M-2025-Testing\examples\未分篇\第0篇-第7章-7.5.6节","E:\DONT TOUCH\10M-2025-Testing\examples\未分篇\review\第0篇-第7章-7.5.6节","False","",""
"E:\DONT TOUCH\10M-2025-Testing\examples\未分篇\review\第0篇-第7章-7.5.6节.py","E:\DONT TOUCH\10M-2025-Testing\examples\未分篇\review\第0篇-第7章-7.5.6节-1.py","True","96","2025-11-12T13:57:25.0947297+08:00"
"E:\DONT TOUCH\10M-2025-Testing\examples\未分篇\第0篇-第7章-7.5.6节.py","E:\DONT TOUCH\10M-2025-Testing\examples\未分篇\review\第0篇-第7章-7.5.6节.py","False","",""
"E:\DONT TOUCH\10M-2025-Testing\examples\未分篇\review\第0篇-第8章-8.1.4节","E:\DONT TOUCH\10M-2025-Testing\examples\未分篇\review\第0篇-第8章-8.1-1.4节","True","36","2025-11-04T09:14:38.5837568+08:00"
"E:\DONT TOUCH\10M-2025-Testing\examples\未分篇\第0篇-第8章-8.1.4节","E:\DONT TOUCH\10M-2025-Testing\examples\未分篇\review\第0篇-第8章-8.1.4节","False","",""
"E:\DONT TOUCH\10M-2025-Testing\examples\未分篇\review\第0篇-第8章-8.1.4节.py","E:\DONT TOUCH\10M-2025-Testing\examples\未分篇\review\第0篇-第8章-8.1.4节-1.py","True","96","2025-11-12T13:57:25.1033801+08:00"
"E:\DONT TOUCH\10M-2025-Testing\examples\未分篇\第0篇-第8章-8.1.4节.py","E:\DONT TOUCH\10M-2025-Testing\examples\未分篇\review\第0篇-第8章-8.1.4节.py","False","",""
"E:\DONT TOUCH\10M-2025-Testing\examples\未分篇\review\第0篇-第8章-8.2.2节","E:\DONT TOUCH\10M-2025-Testing\examples\未分篇\review\第0篇-第8章-8.2-1.2节","True","36","2025-11-04T09:14:38.5837568+08:00"
"E:\DONT TOUCH\10M-2025-Testing\examples\未分篇\review\第0篇-第8章-8.2.3节","E:\DONT TOUCH\10M-2025-Testing\examples\未分篇\review\第0篇-第8章-8.2-1.3节","True","36","2025-11-04T09:14:38.5837568+08:00"
"E:\DONT TOUCH\10M-2025-Testing\examples\未分篇\review\第0篇-第8章-8.2.4节","E:\DONT TOUCH\10M-2025-Testing\examples\未分篇\review\第0篇-第8章-8.2-1.4节","True","36","2025-11-04T09:14:38.5837568+08:00"
"E:\DONT TOUCH\10M-2025-Testing\examples\未分篇\review\第0篇-第8章-8.2.5节","E:\DONT TOUCH\10M-2025-Testing\examples\未分篇\review\第0篇-第8章-8.2-1.5节","True","36","2025-11-04T09:14:38.5837568+08:00"
"E:\DONT TOUCH\10M-2025-Testing\examples\未分篇\第0篇-第8章-8.2.2节","E:\DONT TOUCH\10M-2025-Testing\examples\未分篇\review\第0篇-第8章-8.2.2节","False","",""
"E:\DONT TOUCH\10M-2025-Testing\examples\未分篇\第0篇-第8章-8.2.2节.py","E:\DONT TOUCH\10M-2025-Testing\examples\未分篇\review\第0篇-第8章-8.2.2节.py","False","",""
"E:\DONT TOUCH\10M-2025-Testing\examples\未分篇\第0篇-第8章-8.2.3节","E:\DONT TOUCH\10M-2025-Testing\examples\未分篇\review\第0篇-第8章-8.2.3节","False","",""
"E:\DONT TOUCH\10M-2025-Testing\examples\未分篇\review\第0篇-第8章-8.2.3节.py","E:\DONT TOUCH\10M-2025-Testing\examples\未分篇\review\第0篇-第8章-8.2.3节-1.py","True","96","2025-11-12T13:57:25.1183017+08:00"
"E:\DONT TOUCH\10M-2025-Testing\examples\未分篇\第0篇-第8章-8.2.3节.py","E:\DONT TOUCH\10M-2025-Testing\examples\未分篇\review\第0篇-第8章-8.2.3节.py","False","",""
"E:\DONT TOUCH\10M-2025-Testing\examples\未分篇\第0篇-第8章-8.2.4节","E:\DONT TOUCH\10M-2025-Testing\examples\未分篇\review\第0篇-第8章-8.2.4节","False","",""
"E:\DONT TOUCH\10M-2025-Testing\examples\未分篇\review\第0篇-第8章-8.2.4节.py","E:\DONT TOUCH\10M-2025-Testing\examples\未分篇\review\第0篇-第8章-8.2.4节-1.py","True","96","2025-11-12T13:57:25.1278316+08:00"
"E:\DONT TOUCH\10M-2025-Testing\examples\未分篇\第0篇-第8章-8.2.4节.py","E:\DONT TOUCH\10M-2025-Testing\examples\未分篇\review\第0篇-第8章-8.2.4节.py","False","",""
"E:\DONT TOUCH\10M-2025-Testing\examples\未分篇\第0篇-第8章-8.2.5节","E:\DONT TOUCH\10M-2025-Testing\examples\未分篇\review\第0篇-第8章-8.2.5节","False","",""
"E:\DONT TOUCH\10M-2025-Testing\examples\未分篇\review\第0篇-第8章-8.2.5节.py","E:\DONT TOUCH\10M-2025-Testing\examples\未分篇\review\第0篇-第8章-8.2.5节-1.py","True","96","2025-11-12T13:57:25.1365966+08:00"
"E:\DONT TOUCH\10M-2025-Testing\examples\未分篇\第0篇-第8章-8.2.5节.py","E:\DONT TOUCH\10M-2025-Testing\examples\未分篇\review\第0篇-第8章-8.2.5节.py","False","",""
"E:\DONT TOUCH\10M-2025-Testing\examples\未分篇\review\第0篇-第8章-8.3.3节","E:\DONT TOUCH\10M-2025-Testing\examples\未分篇\review\第0篇-第8章-8.3-1.3节","True","36","2025-11-04T09:14:38.5837568+08:00"
"E:\DONT TOUCH\10M-2025-Testing\examples\未分篇\review\第0篇-第8章-8.3.4节","E:\DONT TOUCH\10M-2025-Testing\examples\未分篇\review\第0篇-第8章-8.3-1.4节","True","36","2025-11-04T09:14:38.5837568+08:00"
"E:\DONT TOUCH\10M-2025-Testing\examples\未分篇\review\第0篇-第8章-8.3.5节","E:\DONT TOUCH\10M-2025-Testing\examples\未分篇\review\第0篇-第8章-8.3-1.5节","True","36","2025-11-04T09:14:38.5988821+08:00"
"E:\DONT TOUCH\10M-2025-Testing\examples\未分篇\第0篇-第8章-8.3.3节","E:\DONT TOUCH\10M-2025-Testing\examples\未分篇\review\第0篇-第8章-8.3.3节","False","",""
"E:\DONT TOUCH\10M-2025-Testing\examples\未分篇\review\第0篇-第8章-8.3.3节.py","E:\DONT TOUCH\10M-2025-Testing\examples\未分篇\review\第0篇-第8章-8.3.3节-1.py","True","96","2025-11-12T13:57:25.1459529+08:00"
"E:\DONT TOUCH\10M-2025-Testing\examples\未分篇\第0篇-第8章-8.3.3节.py","E:\DONT TOUCH\10M-2025-Testing\examples\未分篇\review\第0篇-第8章-8.3.3节.py","False","",""
"E:\DONT TOUCH\10M-2025-Testing\examples\未分篇\第0篇-第8章-8.3.4节","E:\DONT TOUCH\10M-2025-Testing\examples\未分篇\review\第0篇-第8章-8.3.4节","False","",""
"E:\DONT TOUCH\10M-2025-Testing\examples\未分篇\review\第0篇-第8章-8.3.4节.py","E:\DONT TOUCH\10M-2025-Testing\examples\未分篇\review\第0篇-第8章-8.3.4节-1.py","True","96","2025-11-12T13:57:25.1595940+08:00"
"E:\DONT TOUCH\10M-2025-Testing\examples\未分篇\第0篇-第8章-8.3.4节.py","E:\DONT TOUCH\10M-2025-Testing\examples\未分篇\review\第0篇-第8章-8.3.4节.py","False","",""
"E:\DONT TOUCH\10M-2025-Testing\examples\未分篇\第0篇-第8章-8.3.5节","E:\DONT TOUCH\10M-2025-Testing\examples\未分篇\review\第0篇-第8章-8.3.5节","False","",""
"E:\DONT TOUCH\10M-2025-Testing\examples\未分篇\review\第0篇-第8章-8.3.5节.py","E:\DONT TOUCH\10M-2025-Testing\examples\未分篇\review\第0篇-第8章-8.3.5节-1.py","True","96","2025-11-12T13:57:25.1728522+08:00"
"E:\DONT TOUCH\10M-2025-Testing\examples\未分篇\第0篇-第8章-8.3.5节.py","E:\DONT TOUCH\10M-2025-Testing\examples\未分篇\review\第0篇-第8章-8.3.5节.py","False","",""
"E:\DONT TOUCH\10M-2025-Testing\examples\未分篇\review\第0篇-第8章-8.4.4节","E:\DONT TOUCH\10M-2025-Testing\examples\未分篇\review\第0篇-第8章-8.4-1.4节","True","36","2025-11-04T09:14:38.5988821+08:00"
"E:\DONT TOUCH\10M-2025-Testing\examples\未分篇\review\第0篇-第8章-8.4.5节","E:\DONT TOUCH\10M-2025-Testing\examples\未分篇\review\第0篇-第8章-8.4-1.5节","True","36","2025-11-04T09:14:38.5988821+08:00"
"E:\DONT TOUCH\10M-2025-Testing\examples\未分篇\第0篇-第8章-8.4.3节","E:\DONT TOUCH\10M-2025-Testing\examples\未分篇\review\第0篇-第8章-8.4.3节","False","",""
"E:\DONT TOUCH\10M-2025-Testing\examples\未分篇\review\第0篇-第8章-8.4.3节.py","E:\DONT TOUCH\10M-2025-Testing\examples\未分篇\review\第0篇-第8章-8.4.3节-1.py","True","96","2025-11-12T13:57:25.1844540+08:00"
"E:\DONT TOUCH\10M-2025-Testing\examples\未分篇\第0篇-第8章-8.4.3节.py","E:\DONT TOUCH\10M-2025-Testing\examples\未分篇\review\第0篇-第8章-8.4.3节.py","False","",""
"E:\DONT TOUCH\10M-2025-Testing\examples\未分篇\第0篇-第8章-8.4.4节","E:\DONT TOUCH\10M-2025-Testing\examples\未分篇\review\第0篇-第8章-8.4.4节","False","",""
"E:\DONT TOUCH\10M-2025-Testing\examples\未分篇\review\第0篇-第8章-8.4.4节.py","E:\DONT TOUCH\10M-2025-Testing\examples\未分篇\review\第0篇-第8章-8.4.4节-1.py","True","96","2025-11-12T13:57:25.1939994+08:00"
"E:\DONT TOUCH\10M-2025-Testing\examples\未分篇\第0篇-第8章-8.4.4节.py","E:\DONT TOUCH\10M-2025-Testing\examples\未分篇\review\第0篇-第8章-8.4.4节.py","False","",""
"E:\DONT TOUCH\10M-2025-Testing\examples\未分篇\第0篇-第8章-8.4.5节","E:\DONT TOUCH\10M-2025-Testing\examples\未分篇\review\第0篇-第8章-8.4.5节","False","",""
"E:\DONT TOUCH\10M-2025-Testing\examples\未分篇\review\第0篇-第8章-8.4.5节.py","E:\DONT TOUCH\10M-2025-Testing\examples\未分篇\review\第0篇-第8章-8.4.5节-1.py","True","96","2025-11-12T13:57:25.2045094+08:00"
"E:\DONT TOUCH\10M-2025-Testing\examples\未分篇\第0篇-第8章-8.4.5节.py","E:\DONT TOUCH\10M-2025-Testing\examples\未分篇\review\第0篇-第8章-8.4.5节.py","False","",""
"E:\DONT TOUCH\10M-2025-Testing\examples\未分篇\review\第0篇-第8章-8.5.3节","E:\DONT TOUCH\10M-2025-Testing\examples\未分篇\review\第0篇-第8章-8.5-1.3节","True","36","2025-11-04T09:14:38.5988821+08:00"
"E:\DONT TOUCH\10M-2025-Testing\examples\未分篇\review\第0篇-第8章-8.5.4节","E:\DONT TOUCH\10M-2025-Testing\examples\未分篇\review\第0篇-第8章-8.5-1.4节","True","36","2025-11-04T09:14:38.5988821+08:00"
"E:\DONT TOUCH\10M-2025-Testing\examples\未分篇\review\第0篇-第8章-8.5.5节","E:\DONT TOUCH\10M-2025-Testing\examples\未分篇\review\第0篇-第8章-8.5-1.5节","True","36","2025-11-04T09:14:38.5988821+08:00"
"E:\DONT TOUCH\10M-2025-Testing\examples\未分篇\第0篇-第8章-8.5.3节","E:\DONT TOUCH\10M-2025-Testing\examples\未分篇\review\第0篇-第8章-8.5.3节","False","",""
"E:\DONT TOUCH\10M-2025-Testing\examples\未分篇\第0篇-第8章-8.5.3节.py","E:\DONT TOUCH\10M-2025-Testing\examples\未分篇\review\第0篇-第8章-8.5.3节.py","False","",""
"E:\DONT TOUCH\10M-2025-Testing\examples\未分篇\第0篇-第8章-8.5.4节","E:\DONT TOUCH\10M-2025-Testing\examples\未分篇\review\第0篇-第8章-8.5.4节","False","",""
"E:\DONT TOUCH\10M-2025-Testing\examples\未分篇\review\第0篇-第8章-8.5.4节.py","E:\DONT TOUCH\10M-2025-Testing\examples\未分篇\review\第0篇-第8章-8.5.4节-1.py","True","96","2025-11-12T13:57:25.2261831+08:00"
"E:\DONT TOUCH\10M-2025-Testing\examples\未分篇\第0篇-第8章-8.5.4节.py","E:\DONT TOUCH\10M-2025-Testing\examples\未分篇\review\第0篇-第8章-8.5.4节.py","False","",""
"E:\DONT TOUCH\10M-2025-Testing\examples\未分篇\第0篇-第8章-8.5.5节","E:\DONT TOUCH\10M-2025-Testing\examples\未分篇\review\第0篇-第8章-8.5.5节","False","",""
"E:\DONT TOUCH\10M-2025-Testing\examples\未分篇\review\第0篇-第8章-8.5.5节.py","E:\DONT TOUCH\10M-2025-Testing\examples\未分篇\review\第0篇-第8章-8.5.5节-1.py","True","96","2025-11-12T13:57:25.2362863+08:00"
"E:\DONT TOUCH\10M-2025-Testing\examples\未分篇\第0篇-第8章-8.5.5节.py","E:\DONT TOUCH\10M-2025-Testing\examples\未分篇\review\第0篇-第8章-8.5.5节.py","False","",""
"E:\DONT TOUCH\10M-2025-Testing\examples\未分篇\第0篇-未编号章","E:\DONT TOUCH\10M-2025-Testing\examples\未分篇\review\第0篇-未编号章","False","",""
"E:\DONT TOUCH\10M-2025-Testing\examples\未分篇\review\第0篇-未编号章","E:\DONT TOUCH\10M-2025-Testing\examples\未分篇\review\第0篇-未编号章-1","True","36","2025-11-04T09:14:38.5498751+08:00"
"E:\DONT TOUCH\10M-2025-Testing\examples\未分篇\review\第0篇-未编号章.py","E:\DONT TOUCH\10M-2025-Testing\examples\未分篇\review\第0篇-未编号章-1.py","True","96","2025-11-12T13:57:24.6578207+08:00"
"E:\DONT TOUCH\10M-2025-Testing\examples\未分篇\review\第0篇-未编号章.sh","E:\DONT TOUCH\10M-2025-Testing\examples\未分篇\review\第0篇-未编号章-1.sh","True","117","2025-11-12T13:57:24.6696219+08:00"
"E:\DONT TOUCH\10M-2025-Testing\examples\未分篇\review\第0篇-未编号章.yml","E:\DONT TOUCH\10M-2025-Testing\examples\未分篇\review\第0篇-未编号章-1.yml","True","96","2025-11-12T13:57:24.6807890+08:00"
"E:\DONT TOUCH\10M-2025-Testing\examples\未分篇\第0篇-未编号章.py","E:\DONT TOUCH\10M-2025-Testing\examples\未分篇\review\第0篇-未编号章.py","False","",""
"E:\DONT TOUCH\10M-2025-Testing\examples\未分篇\第0篇-未编号章.sh","E:\DONT TOUCH\10M-2025-Testing\examples\未分篇\review\第0篇-未编号章.sh","False","",""
"E:\DONT TOUCH\10M-2025-Testing\examples\未分篇\第0篇-未编号章.yml","E:\DONT TOUCH\10M-2025-Testing\examples\未分篇\review\第0篇-未编号章.yml","False","",""
"E:\DONT TOUCH\10M-2025-Testing\README.md","E:\DONT TOUCH\10M-2025-Testing\examples\未分篇\review\README.md","False","4416","2025-11-12T18:24:51.4883196+08:00"
"E:\DONT TOUCH\10M-2025-Testing\examples\01_ecosystem\smoke.ps1","E:\DONT TOUCH\10M-2025-Testing\examples\未分篇\review\smoke.ps1","False","451","2025-11-11T18:07:23.6837126+08:00"
"E:\DONT TOUCH\10M-2025-Testing\examples\01_ecosystem\smoke.sh","E:\DONT TOUCH\10M-2025-Testing\examples\未分篇\review\smoke.sh","False","",""
